candidate_id,age_group,minimal_proxy,with_proxies,without_direct_age_proxies,delta_with_vs_without,delta_without_vs_minimal,delta_with_vs_minimal
cand_000000,30-39,0.6471746,0.6173177,0.6211029,-0.0037852526,-0.026071668,-0.02985692
cand_000007,60+,0.6151159,0.55275065,0.54484534,0.007905304,-0.07027054,-0.062365234
cand_000054,50-59,0.7074058,0.70411104,0.71489924,-0.010788202,0.0074934363,-0.003294766
cand_000061,60+,0.64102864,0.60222197,0.6227098,-0.020487845,-0.018318832,-0.038806677
cand_000085,50-59,0.5585784,0.5440376,0.5839514,-0.039913833,0.025373042,-0.0145407915
cand_000095,60+,0.6676413,0.63944024,0.664562,-0.025121748,-0.0030792952,-0.028201044
cand_000111,30-39,0.53920424,0.59182394,0.6223327,-0.030508757,0.08312845,0.052619696
cand_000141,50-59,0.7300231,0.69105804,0.7432713,-0.05221325,0.013248205,-0.038965046
cand_000146,60+,0.6399376,0.6238456,0.6403538,-0.016508222,0.00041621923,-0.016092002
cand_000149,50-59,0.66443765,0.64813936,0.6463187,0.0018206835,-0.018118978,-0.016298294
cand_000151,60+,0.6129703,0.5789337,0.6376016,-0.0586679,0.024631321,-0.034036577
cand_000157,30-39,0.6464108,0.66870236,0.6533962,0.015306175,0.0069853663,0.022291541
cand_000179,<30,0.6369178,0.62716687,0.6024825,0.02468437,-0.03443533,-0.009750962
cand_000180,30-39,0.5715749,0.6550468,0.6236017,0.031445146,0.05202675,0.083471894
cand_000182,40-49,0.57231224,0.57180774,0.60369635,-0.031888604,0.03138411,-0.0005044937
cand_000183,40-49,0.55068195,0.562051,0.5252526,0.036798418,-0.025429368,0.01136905
cand_000185,30-39,0.63245964,0.6817752,0.6714998,0.0102754235,0.03904015,0.04931557
cand_000186,<30,0.5728343,0.5790043,0.51977503,0.059229255,-0.05305928,0.006169975
cand_000217,40-49,0.5184084,0.53061986,0.5555719,-0.024952054,0.037163496,0.012211442
cand_000224,30-39,0.6197643,0.66678965,0.6012812,0.065508425,-0.018483102,0.047025323
cand_000233,30-39,0.63889784,0.5958818,0.6580357,-0.062153876,0.01913786,-0.043016016
cand_000234,<30,0.61490524,0.6104119,0.59145075,0.018961132,-0.023454487,-0.0044933558
cand_000243,60+,0.6715215,0.7218015,0.6906737,0.03112781,0.019152224,0.050280035
cand_000252,50-59,0.693173,0.7096946,0.65793383,0.051760793,-0.03523916,0.016521633
cand_000261,50-59,0.5892814,0.6968385,0.6757657,0.021072805,0.08648431,0.10755712
cand_000279,60+,0.6656975,0.6422719,0.67752707,-0.035255194,0.011829555,-0.023425639
cand_000283,50-59,0.6590096,0.6814048,0.6999792,-0.018574357,0.04096961,0.022395253
cand_000294,50-59,0.64974064,0.6654575,0.6582645,0.0071929693,0.008523881,0.01571685
cand_000314,30-39,0.6203631,0.66908383,0.6304035,0.038680315,0.010040402,0.048720717
cand_000330,50-59,0.52737415,0.6066534,0.5909571,0.015696287,0.06358296,0.079279244
cand_000337,<30,0.50474966,0.5831183,0.54590845,0.03720987,0.041158795,0.078368664
cand_000350,<30,0.5380049,0.5498016,0.563609,-0.013807416,0.025604129,0.011796713
cand_000355,30-39,0.59075737,0.6032488,0.579437,0.023811758,-0.011320353,0.012491405
cand_000360,50-59,0.67797816,0.6141514,0.61091936,0.0032320619,-0.0670588,-0.06382674
cand_000367,40-49,0.6843644,0.6768056,0.6625356,0.014270008,-0.02182877,-0.007558763
cand_000376,60+,0.670508,0.5998644,0.6404217,-0.040557265,-0.030086339,-0.070643604
cand_000379,50-59,0.71849126,0.674026,0.67184687,0.0021791458,-0.04664439,-0.044465244
cand_000380,30-39,0.5616516,0.57514083,0.5741365,0.0010043383,0.012484908,0.013489246
cand_000383,50-59,0.62672174,0.57524,0.56532675,0.009913266,-0.06139499,-0.051481724
cand_000388,40-49,0.57735264,0.63936,0.59015054,0.049209476,0.012797892,0.062007368
cand_000396,50-59,0.69428617,0.69189227,0.6679326,0.023959637,-0.026353538,-0.0023939013
cand_000398,60+,0.6845634,0.69740814,0.6537087,0.043699443,-0.030854702,0.012844741
cand_000415,<30,0.6416191,0.5962992,0.6000098,-0.0037106276,-0.041609287,-0.045319915
cand_000433,50-59,0.65485704,0.6456727,0.66349,-0.017817318,0.008632958,-0.0091843605
cand_000438,60+,0.550746,0.47373486,0.52238345,-0.048648596,-0.028362572,-0.07701117
cand_000444,50-59,0.70356137,0.6575435,0.6587236,-0.0011801124,-0.044837773,-0.046017885
cand_000449,30-39,0.5493116,0.5480224,0.56793934,-0.019916952,0.018627763,-0.0012891889
cand_000456,40-49,0.6128592,0.6729613,0.6437296,0.029231668,0.030870438,0.060102105
cand_000501,60+,0.6241066,0.6310943,0.69476926,-0.06367499,0.07066268,0.006987691
cand_000503,60+,0.5500576,0.62206274,0.6720271,-0.04996437,0.12196952,0.07200515
cand_000508,<30,0.6343342,0.65887755,0.65224576,0.0066317916,0.017911553,0.024543345
cand_000513,30-39,0.5926101,0.6092079,0.56931615,0.03989178,-0.023293972,0.016597807
cand_000526,30-39,0.50165033,0.52562535,0.5190455,0.006579876,0.017395139,0.023975015
cand_000546,40-49,0.6347032,0.6895631,0.6503731,0.039189994,0.015669882,0.054859877
cand_000559,60+,0.67282844,0.6882838,0.63936406,0.048919737,-0.033464372,0.015455365
cand_000571,60+,0.62429035,0.6278636,0.63339,-0.0055264235,0.009099662,0.0035732388
cand_000576,60+,0.64490855,0.6997872,0.72031355,-0.02052635,0.075405,0.054878652
cand_000616,60+,0.64896154,0.6624265,0.6929347,-0.03050822,0.043973148,0.013464928
cand_000620,50-59,0.6656426,0.69151264,0.6994813,-0.007968664,0.03383869,0.025870025
cand_000626,30-39,0.6309607,0.7110796,0.6941343,0.016945302,0.06317359,0.080118895
cand_000635,50-59,0.5759616,0.5861157,0.57891214,0.007203579,0.0029505491,0.010154128
cand_000639,30-39,0.62793183,0.6736344,0.6602539,0.0133805275,0.03232205,0.045702577
cand_000643,<30,0.5941053,0.63713086,0.6255363,0.011594534,0.03143102,0.043025553
cand_000654,<30,0.6445497,0.66676354,0.68132734,-0.014563799,0.036777616,0.022213817
cand_000655,40-49,0.65373194,0.638054,0.67088056,-0.032826543,0.017148614,-0.015677929
cand_000660,60+,0.6600619,0.78426594,0.7630195,0.021246433,0.10295761,0.12420404
cand_000663,40-49,0.6302433,0.7100595,0.6397721,0.07028741,0.009528816,0.07981622
cand_000674,<30,0.50571895,0.5983391,0.5429821,0.05535698,0.037263155,0.092620134
cand_000679,40-49,0.6278304,0.663403,0.63567203,0.027730942,0.007841647,0.03557259
cand_000696,60+,0.6869843,0.5785044,0.6669732,-0.08846879,-0.020011127,-0.10847992
cand_000707,60+,0.6767124,0.6844183,0.6941043,-0.009685993,0.01739192,0.007705927
cand_000709,<30,0.6081455,0.6235018,0.5650518,0.058449984,-0.04309368,0.015356302
cand_000710,60+,0.67326397,0.66415435,0.6973773,-0.033222973,0.024113357,-0.009109616
cand_000711,30-39,0.60510415,0.57177055,0.65115404,-0.07938349,0.046049893,-0.0333336
cand_000715,30-39,0.6428381,0.6582072,0.6726558,-0.014448643,0.0298177,0.015369058
cand_000722,50-59,0.6531556,0.6730725,0.6711608,0.0019116998,0.018005192,0.019916892
cand_000723,40-49,0.6276967,0.6454002,0.59205085,0.053349376,-0.035645843,0.017703533
cand_000726,30-39,0.6115081,0.6327831,0.64108133,-0.008298218,0.029573262,0.021275043
cand_000737,60+,0.67471457,0.67419714,0.7522708,-0.07807368,0.07755625,-0.0005174279
cand_000743,40-49,0.6271472,0.68159693,0.65132093,0.030276,0.024173737,0.054449737
cand_000744,<30,0.58627635,0.5991053,0.66443557,-0.06533027,0.07815921,0.012828946
cand_000748,30-39,0.5783358,0.62582475,0.62574476,7.998943e-05,0.04740894,0.047488928
cand_000750,<30,0.5774224,0.5214607,0.5646391,-0.04317838,-0.012783289,-0.05596167
cand_000751,40-49,0.48360252,0.564219,0.5113138,0.052905202,0.027711272,0.080616474
cand_000760,30-39,0.44373745,0.5359412,0.5124986,0.023442566,0.06876117,0.09220374
cand_000786,60+,0.6140535,0.60201854,0.62161535,-0.019596815,0.0075618625,-0.012034953
cand_000799,50-59,0.7012006,0.6939062,0.64811814,0.04578805,-0.053082466,-0.0072944164
cand_000805,50-59,0.5217913,0.6344317,0.57850105,0.055930674,0.056709766,0.11264044
cand_000809,<30,0.5358672,0.58631766,0.5761863,0.010131359,0.040319085,0.050450444
cand_000811,40-49,0.569268,0.63712895,0.60883284,0.028296113,0.039564848,0.06786096
cand_000813,60+,0.6059153,0.58850145,0.6593445,-0.07084304,0.053429186,-0.017413855
cand_000814,<30,0.5943152,0.5970526,0.5999312,-0.0028786063,0.0056160092,0.002737403
cand_000818,<30,0.593119,0.55864614,0.61982846,-0.06118232,0.026709437,-0.034472883
cand_000819,40-49,0.5384083,0.57240474,0.56424963,0.0081551075,0.025841355,0.033996463
cand_000833,40-49,0.5909911,0.74365467,0.74469244,-0.0010377765,0.15370136,0.15266359
cand_000859,60+,0.6543579,0.6115507,0.6059496,0.005601108,-0.04840833,-0.04280722
cand_000869,50-59,0.5549265,0.5952476,0.67148685,-0.07623923,0.11656034,0.04032111
cand_000874,60+,0.5486458,0.5846261,0.6079526,-0.023326516,0.0593068,0.035980284
cand_000877,60+,0.68360573,0.714444,0.63494194,0.079502046,-0.048663795,0.030838251
cand_000890,30-39,0.6070523,0.5395973,0.52838576,0.0112115145,-0.07866657,-0.06745505
cand_000903,50-59,0.6679529,0.63782567,0.6945733,-0.056747615,0.026620388,-0.030127227
cand_000921,40-49,0.6040486,0.5674571,0.58203614,-0.014579058,-0.022012472,-0.03659153
cand_000924,40-49,0.589326,0.62885547,0.6465592,-0.017703712,0.057233155,0.039529443
cand_000929,<30,0.54610556,0.5565268,0.53330886,0.023217916,-0.0127967,0.0104212165
cand_000935,<30,0.59988874,0.6181961,0.6283161,-0.010119975,0.028427362,0.018307388
cand_000940,30-39,0.57455957,0.5919696,0.56111187,0.030857742,-0.013447702,0.01741004
cand_000949,40-49,0.5885104,0.65400755,0.61149824,0.042509317,0.022987843,0.06549716
cand_000953,<30,0.5730988,0.5819512,0.5784967,0.0034545064,0.005397916,0.008852422
cand_000961,40-49,0.556468,0.6009369,0.62970555,-0.028768659,0.07323754,0.04446888
cand_000966,40-49,0.55333495,0.59866625,0.624909,-0.026242733,0.07157403,0.0453313
cand_000980,<30,0.53954756,0.6177515,0.665903,-0.048151493,0.12635541,0.07820392
cand_001003,<30,0.65785706,0.6452534,0.65963435,-0.014380932,0.0017772913,-0.012603641
cand_001019,60+,0.5535796,0.5532124,0.54065657,0.012555838,-0.012923062,-0.00036722422
cand_001024,60+,0.6980478,0.6077507,0.70406747,-0.096316755,0.006019652,-0.0902971
cand_001025,60+,0.5852705,0.57861495,0.5733632,0.0052517653,-0.011907339,-0.006655574
cand_001052,60+,0.70618844,0.6925405,0.7103405,-0.017799973,0.0041520596,-0.013647914
cand_001063,30-39,0.60173666,0.586262,0.63360786,-0.047345877,0.0318712,-0.015474677
cand_001099,60+,0.6090648,0.5906975,0.58707273,0.0036247969,-0.021992087,-0.01836729
cand_001119,50-59,0.5988291,0.66742396,0.62185967,0.045564294,0.02303058,0.06859487
cand_001143,60+,0.53527397,0.6403892,0.6225352,0.017853975,0.08726126,0.105115235
cand_001149,<30,0.6079,0.64116824,0.64287144,-0.0017032027,0.034971416,0.033268213
cand_001151,<30,0.6178024,0.64434266,0.62424225,0.020100415,0.0064398646,0.02654028
cand_001153,30-39,0.61546963,0.60997766,0.6642252,-0.054247558,0.048755586,-0.005491972
cand_001158,50-59,0.6880053,0.69134665,0.67850184,0.012844801,-0.009503484,0.0033413172
cand_001159,60+,0.6718141,0.6274375,0.6961013,-0.068663836,0.024287224,-0.04437661
cand_001162,40-49,0.4419018,0.54090166,0.57943535,-0.038533688,0.13753355,0.09899986
cand_001170,40-49,0.5846846,0.6513421,0.6056534,0.04568869,0.020968795,0.06665748
cand_001182,30-39,0.592098,0.6270131,0.68888414,-0.06187105,0.09678614,0.03491509
cand_001192,60+,0.6179518,0.5972179,0.5735277,0.023690224,-0.044424117,-0.020733893
cand_001206,60+,0.68173707,0.6686842,0.6431272,0.025556982,-0.038609862,-0.013052881
cand_001211,30-39,0.5749004,0.5296581,0.5854567,-0.05579865,0.01055634,-0.04524231
cand_001226,60+,0.6661465,0.66734517,0.65247506,0.014870107,-0.013671458,0.0011986494
cand_001229,50-59,0.6526952,0.70860016,0.7226181,-0.01401794,0.069922924,0.055904984
cand_001231,50-59,0.6216383,0.68068826,0.68381035,-0.0031220913,0.062172055,0.059049964
cand_001239,60+,0.5542387,0.6134467,0.51614535,0.097301364,-0.03809333,0.059208035
cand_001250,<30,0.6187463,0.5582872,0.54405,0.014237225,-0.0746963,-0.060459077
cand_001262,60+,0.68724525,0.74075985,0.6863578,0.054402053,-0.00088745356,0.0535146
cand_001270,60+,0.5565409,0.5410811,0.5862831,-0.045202017,0.029742181,-0.0154598355
cand_001271,60+,0.65847903,0.6231747,0.64254797,-0.019373238,-0.01593107,-0.035304308
cand_001272,<30,0.6384251,0.62572056,0.6412003,-0.0154797435,0.0027751923,-0.012704551
cand_001273,40-49,0.6492375,0.6204445,0.6190148,0.001429677,-0.030222714,-0.028793037
cand_001280,60+,0.70963347,0.6429643,0.66295916,-0.019994855,-0.04667431,-0.066669166
cand_001285,40-49,0.61506414,0.6776018,0.6316825,0.0459193,0.016618371,0.06253767
cand_001291,30-39,0.6000873,0.5666679,0.5906006,-0.023932695,-0.009486675,-0.03341937
cand_001297,60+,0.61278564,0.55922997,0.66785395,-0.10862398,0.055068314,-0.053555667
cand_001308,60+,0.5536994,0.5393773,0.57553256,-0.036155283,0.021833181,-0.014322102
cand_001312,50-59,0.6468029,0.57889265,0.6299447,-0.051052034,-0.01685822,-0.067910254
cand_001315,60+,0.7483685,0.75811994,0.71518636,0.042933583,-0.033182144,0.009751439
cand_001353,50-59,0.63922757,0.57947856,0.71654767,-0.1370691,0.0773201,-0.059749007
cand_001378,<30,0.59394956,0.6361406,0.6198422,0.016298413,0.025892615,0.04219103
cand_001379,30-39,0.6069685,0.57967067,0.5926648,-0.012994111,-0.014303744,-0.027297854
cand_001380,60+,0.69776154,0.7368264,0.6871638,0.04966265,-0.010597765,0.039064884
cand_001415,40-49,0.68050325,0.71956867,0.6491891,0.070379555,-0.031314135,0.03906542
cand_001420,60+,0.588593,0.626143,0.6436806,-0.017537594,0.055087566,0.037549973
cand_001440,30-39,0.6632996,0.65655345,0.6264887,0.030064762,-0.036810935,-0.006746173
cand_001448,<30,0.5955483,0.5620128,0.60673547,-0.044722676,0.011187196,-0.03353548
cand_001458,50-59,0.66298974,0.6614415,0.7066755,-0.045234025,0.043685794,-0.0015482306
cand_001470,30-39,0.6339853,0.66466963,0.6526817,0.011987925,0.018696427,0.030684352
cand_001471,40-49,0.63277656,0.610025,0.62047017,-0.010445178,-0.012306392,-0.02275157
cand_001498,60+,0.687693,0.67969245,0.65754503,0.022147417,-0.03014797,-0.008000553
cand_001518,30-39,0.5528544,0.6126235,0.59385914,0.018764377,0.041004717,0.059769094
cand_001534,30-39,0.5837774,0.63325226,0.64924073,-0.01598847,0.065463305,0.049474835
cand_001542,30-39,0.5935271,0.5832418,0.5559087,0.02733314,-0.0376184,-0.010285258
cand_001553,60+,0.5632865,0.6064968,0.56560063,0.040896177,0.0023141503,0.043210328
cand_001564,60+,0.64951193,0.67499197,0.6187203,0.056271672,-0.03079164,0.025480032
cand_001571,40-49,0.61639243,0.5798763,0.60286033,-0.022984028,-0.013532102,-0.03651613
cand_001574,50-59,0.66409886,0.7189032,0.6913531,0.027550101,0.027254224,0.054804325
cand_001577,<30,0.5334542,0.49906453,0.5995937,-0.100529164,0.06613952,-0.034389645
cand_001583,50-59,0.607713,0.6251807,0.5851735,0.040007234,-0.022539496,0.017467737
cand_001584,60+,0.4398402,0.44450435,0.5379979,-0.09349355,0.098157704,0.004664153
cand_001590,50-59,0.66434884,0.6888114,0.7116549,-0.02284348,0.04730606,0.02446258
cand_001600,30-39,0.55396616,0.57525134,0.60822594,-0.0329746,0.054259777,0.021285176
cand_001611,30-39,0.57079065,0.5915523,0.62040466,-0.028852344,0.049614012,0.020761669
cand_001617,50-59,0.6170584,0.6448432,0.6871616,-0.042318404,0.07010323,0.027784824
cand_001633,<30,0.65116763,0.62836975,0.628736,-0.00036627054,-0.022431612,-0.022797883
cand_001654,<30,0.6175908,0.61941636,0.6138977,0.005518675,-0.0036931038,0.0018255711
cand_001659,30-39,0.63959056,0.6379628,0.6243742,0.013588607,-0.015216351,-0.0016277432
cand_001664,40-49,0.6779789,0.666837,0.71489954,-0.048062563,0.036920667,-0.011141896
cand_001679,30-39,0.5709921,0.6292275,0.58003616,0.049191356,0.009044051,0.058235407
cand_001680,30-39,0.5854053,0.6551219,0.6177368,0.037385106,0.032331526,0.06971663
cand_001683,40-49,0.54934853,0.6204336,0.54755694,0.07287669,-0.0017915964,0.071085095
cand_001686,60+,0.6314867,0.708285,0.66467464,0.043610334,0.033187926,0.07679826
cand_001696,<30,0.5873139,0.59459317,0.65419304,-0.059599876,0.06687915,0.007279277
cand_001702,<30,0.4487189,0.5567476,0.51422006,0.042527556,0.06550115,0.10802871
cand_001706,30-39,0.5415126,0.51971674,0.58091116,-0.06119442,0.03939855,-0.021795869
cand_001718,40-49,0.55142033,0.63247526,0.65838623,-0.025910974,0.1069659,0.081054926
cand_001731,30-39,0.5100906,0.566096,0.5925281,-0.026432097,0.082437515,0.05600542
cand_001733,30-39,0.5209433,0.6177804,0.5548452,0.06293517,0.03390193,0.0968371
cand_001738,50-59,0.69788456,0.57902867,0.6683152,-0.089286506,-0.029569387,-0.11885589
cand_001750,<30,0.66919774,0.60788566,0.6809174,-0.07303172,0.011719644,-0.06131208
cand_001753,40-49,0.6178554,0.6805817,0.68177295,-0.0011912584,0.06391752,0.06272626
cand_001766,<30,0.6405431,0.63040954,0.63239384,-0.0019842982,-0.008149266,-0.0101335645
cand_001770,60+,0.7054903,0.65531826,0.72644216,-0.0711239,0.020951867,-0.05017203
cand_001790,40-49,0.71329546,0.686977,0.72047776,-0.03350073,0.0071823,-0.02631843
cand_001809,30-39,0.49892902,0.6019428,0.61214,-0.010197222,0.113210976,0.103013754
cand_001810,50-59,0.63092184,0.7064985,0.69119835,0.015300155,0.06027651,0.07557666
cand_001815,40-49,0.5859741,0.61549646,0.6074019,0.008094549,0.02142781,0.02952236
cand_001818,50-59,0.5953033,0.64977455,0.61660516,0.03316939,0.021301866,0.054471254
cand_001831,40-49,0.5573312,0.58319443,0.6281893,-0.04499489,0.07085812,0.02586323
cand_001836,30-39,0.5755043,0.4802283,0.55705047,-0.07682216,-0.018453836,-0.095276
cand_001837,30-39,0.55104554,0.5583732,0.56869286,-0.01031965,0.017647326,0.007327676
cand_001856,<30,0.5429505,0.6731107,0.57152414,0.10158658,0.028573632,0.13016021
cand_001872,30-39,0.5568553,0.6254444,0.6356295,-0.010185063,0.078774154,0.06858909
cand_001897,60+,0.62424487,0.6541523,0.6414356,0.012716651,0.017190754,0.029907405
cand_001901,<30,0.5400288,0.56852746,0.5551707,0.013356745,0.015141904,0.02849865
cand_001906,30-39,0.6020367,0.5948068,0.63860077,-0.043793976,0.036564052,-0.007229924
cand_001923,40-49,0.686309,0.70564985,0.7159903,-0.010340452,0.029681325,0.019340873
cand_001924,40-49,0.6519425,0.6420133,0.64042586,0.0015874505,-0.011516631,-0.00992918
cand_001925,60+,0.6538027,0.6421171,0.66751766,-0.025400579,0.013714969,-0.01168561
cand_001926,60+,0.5938139,0.61418915,0.6297469,-0.015557766,0.035933018,0.020375252
cand_001929,<30,0.61333036,0.58603716,0.6304657,-0.044428527,0.017135322,-0.027293205
cand_001934,40-49,0.67958885,0.681211,0.70142454,-0.020213544,0.021835685,0.0016221404
cand_001958,40-49,0.601243,0.64925575,0.5301795,0.11907625,-0.07106352,0.048012733
cand_001967,30-39,0.555819,0.5653118,0.5568824,0.008429408,0.0010634065,0.009492815
cand_001971,60+,0.59099096,0.52359426,0.549938,-0.026343763,-0.041052938,-0.0673967
cand_001974,60+,0.61516106,0.63789535,0.6640221,-0.026126742,0.048861027,0.022734284
cand_001990,30-39,0.5724226,0.6127783,0.6155323,-0.002753973,0.043109655,0.040355682
cand_001996,50-59,0.65027547,0.7115401,0.6511096,0.060430527,0.0008341074,0.061264634
cand_001997,40-49,0.6959204,0.7313882,0.6703478,0.0610404,-0.025572598,0.035467803
cand_002011,<30,0.6138299,0.62545377,0.6414099,-0.015956104,0.027579963,0.011623859
cand_002012,60+,0.7136333,0.7027402,0.6650547,0.037685513,-0.04857862,-0.010893106
cand_002015,<30,0.606238,0.62036365,0.6544703,-0.03410667,0.048232317,0.014125645
cand_002029,50-59,0.5426421,0.5339189,0.6560519,-0.12213296,0.11340976,-0.008723199
cand_002032,40-49,0.6501846,0.6563881,0.7024817,-0.046093583,0.052297115,0.006203532
cand_002033,30-39,0.51743406,0.5941286,0.5354977,0.058630884,0.018063664,0.07669455
cand_002036,60+,0.6194736,0.66990244,0.6448764,0.025026023,0.025402844,0.050428867
cand_002045,60+,0.66562235,0.6534668,0.6331154,0.02035141,-0.032506943,-0.012155533
cand_002061,<30,0.65489465,0.6451064,0.63319933,0.011907041,-0.021695316,-0.009788275
cand_002082,30-39,0.60975623,0.6621071,0.6601533,0.0019537807,0.050397098,0.05235088
cand_002083,50-59,0.53341067,0.5405025,0.53130627,0.009196222,-0.0021044016,0.0070918202
cand_002085,30-39,0.5700809,0.6023376,0.62745446,-0.02511686,0.057373583,0.032256722
cand_002123,60+,0.61982346,0.6097397,0.6392168,-0.02947706,0.019393325,-0.010083735
cand_002125,50-59,0.57740355,0.6478537,0.6938852,-0.046031535,0.11648166,0.07045013
cand_002136,40-49,0.61618924,0.67788875,0.6510097,0.026879072,0.034820437,0.06169951
cand_002150,50-59,0.63831395,0.61546564,0.63071203,-0.015246391,-0.007601917,-0.022848308
cand_002157,50-59,0.5580626,0.5836073,0.57625747,0.0073498487,0.018194854,0.025544703
cand_002158,60+,0.61785984,0.6121702,0.6439861,-0.031815886,0.026126266,-0.005689621
cand_002206,50-59,0.6480657,0.68093234,0.64906716,0.03186518,0.0010014772,0.032866657
cand_002217,50-59,0.54266286,0.6608997,0.67799705,-0.017097354,0.1353342,0.11823684
cand_002239,<30,0.569894,0.55408716,0.52446103,0.029626131,-0.045432985,-0.015806854
cand_002269,40-49,0.529173,0.5332142,0.62179154,-0.08857733,0.092618525,0.004041195
cand_002270,<30,0.52734137,0.5684464,0.5781796,-0.0097332,0.050838232,0.041105032
cand_002281,50-59,0.69782746,0.68201447,0.7475185,-0.065504014,0.04969102,-0.015812993
cand_002284,50-59,0.6482813,0.6561437,0.63069373,0.025449991,-0.017587543,0.007862449
cand_002299,<30,0.64318395,0.6293491,0.6251837,0.004165411,-0.018000245,-0.013834834
cand_002304,50-59,0.72823715,0.7295316,0.75816214,-0.028630555,0.029924989,0.0012944341
cand_002305,50-59,0.67654246,0.682827,0.7049943,-0.022167325,0.02845186,0.006284535
cand_002307,60+,0.6868891,0.6053088,0.61804605,-0.012737274,-0.06884307,-0.08158034
cand_002311,<30,0.59784806,0.60368335,0.6354304,-0.031747043,0.037582338,0.0058352947
cand_002316,40-49,0.6863753,0.6504257,0.6244244,0.026001275,-0.061950922,-0.035949647
cand_002319,60+,0.78105205,0.71162647,0.7342495,-0.022623003,-0.04680258,-0.06942558
cand_002324,30-39,0.59672916,0.6166134,0.677433,-0.060819626,0.080703855,0.019884229
cand_002376,50-59,0.63164425,0.6891062,0.646626,0.04248023,0.014981747,0.057461977
cand_002397,50-59,0.7048277,0.6914754,0.68035156,0.011123836,-0.02447617,-0.0133523345
cand_002407,30-39,0.5684874,0.56218326,0.5334316,0.028751671,-0.035055816,-0.006304145
cand_002423,<30,0.6243044,0.68994606,0.6288382,0.061107874,0.0045337677,0.06564164
cand_002432,<30,0.5599159,0.66505027,0.6222942,0.04275608,0.062378287,0.10513437
cand_002434,30-39,0.5342636,0.65094906,0.678735,-0.027785957,0.1444714,0.11668545
cand_002452,50-59,0.7473445,0.69166684,0.71279,-0.02112317,-0.03455448,-0.055677652
cand_002455,50-59,0.6833942,0.6928432,0.7140374,-0.02119422,0.030643225,0.009449005
cand_002456,40-49,0.75879973,0.6832006,0.72555554,-0.04235494,-0.033244193,-0.075599134
cand_002460,50-59,0.6890403,0.69818294,0.65428144,0.043901503,-0.034758866,0.009142637
cand_002462,60+,0.65138495,0.63780403,0.6688713,-0.031067252,0.017486334,-0.013580918
cand_002484,50-59,0.6100371,0.6482913,0.6617049,-0.013413608,0.05166781,0.0382542
cand_002495,30-39,0.68096864,0.66937727,0.67535925,-0.0059819818,-0.005609393,-0.011591375
cand_002530,40-49,0.5459994,0.50209165,0.6308373,-0.12874568,0.08483791,-0.04390776
cand_002544,40-49,0.46892172,0.5124297,0.5879181,-0.07548839,0.11899638,0.043507993
cand_002581,60+,0.6945424,0.6875284,0.6874333,9.506941e-05,-0.0071091056,-0.007014036
cand_002585,60+,0.55726194,0.5559944,0.5803098,-0.024315417,0.023047864,-0.0012675524
cand_002605,30-39,0.5705906,0.58281314,0.5784252,0.004387915,0.007834613,0.012222528
cand_002608,40-49,0.58479595,0.6235343,0.5952242,0.02831012,0.01042825,0.03873837
cand_002617,<30,0.5552821,0.6196828,0.5446924,0.07499039,-0.010589719,0.06440067
cand_002625,40-49,0.62048185,0.5847501,0.66375685,-0.07900673,0.043275,-0.035731733
cand_002633,50-59,0.66559184,0.6412942,0.6268992,0.014394999,-0.038692653,-0.024297655
cand_002634,60+,0.59477043,0.63099766,0.639769,-0.00877136,0.044998586,0.036227226
cand_002638,60+,0.60954416,0.5249534,0.5692159,-0.04426247,-0.040328264,-0.08459073
cand_002654,<30,0.6034554,0.60778356,0.5837085,0.024075031,-0.0197469,0.0043281317
cand_002658,30-39,0.5164727,0.59755796,0.601741,-0.004183054,0.08526832,0.081085265
cand_002708,50-59,0.6020651,0.68100387,0.65000725,0.03099662,0.04794216,0.07893878
cand_002710,60+,0.72318673,0.7021415,0.68891954,0.013221979,-0.034267187,-0.021045208
cand_002720,40-49,0.558344,0.5720233,0.55201614,0.020007133,-0.0063278675,0.013679266
cand_002729,30-39,0.60751766,0.61915475,0.6090961,0.010058641,0.0015784502,0.011637092
cand_002735,60+,0.6860664,0.6059107,0.67078984,-0.06487912,-0.015276551,-0.08015567
cand_002759,<30,0.61016154,0.59953177,0.6240956,-0.024563849,0.013934076,-0.010629773
cand_002783,60+,0.7114998,0.71007246,0.7284558,-0.018383324,0.016955972,-0.0014273524
cand_002784,30-39,0.49558717,0.6051204,0.5574068,0.047713637,0.061819613,0.10953325
cand_002790,50-59,0.58279335,0.6211858,0.6322989,-0.011113107,0.04950553,0.038392425
cand_002796,50-59,0.6623384,0.5972462,0.67493,-0.07768375,0.0125916,-0.06509215
cand_002801,50-59,0.55945814,0.5835567,0.57277775,0.010778964,0.013319612,0.024098575
cand_002805,60+,0.6259974,0.61012983,0.6256447,-0.015514851,-0.0003527403,-0.01586759
cand_002811,50-59,0.71367705,0.64108527,0.6650991,-0.024013817,-0.048577964,-0.07259178
cand_002830,40-49,0.6859549,0.5763033,0.6273562,-0.05105287,-0.058598757,-0.109651625
cand_002856,40-49,0.6803585,0.6111234,0.66166055,-0.05053717,-0.018697977,-0.069235146
cand_002861,50-59,0.4799028,0.51201665,0.5929831,-0.08096647,0.11308032,0.03211385
cand_002863,30-39,0.5881498,0.61351144,0.54957587,0.06393558,-0.03857392,0.025361657
cand_002879,30-39,0.57131684,0.5411521,0.5839473,-0.04279518,0.012630463,-0.030164719
cand_002892,60+,0.57993793,0.58845997,0.58334476,0.005115211,0.0034068227,0.008522034
cand_002913,60+,0.58933485,0.6464335,0.66890967,-0.022476196,0.07957482,0.057098627
cand_002956,40-49,0.6325454,0.6319836,0.66481745,-0.032833874,0.03227204,-0.0005618334
cand_002978,50-59,0.7109896,0.7111367,0.67775023,0.03338647,-0.033239365,0.00014710426
cand_002981,30-39,0.53901684,0.589036,0.5108181,0.078217864,-0.028198719,0.050019145
cand_003011,50-59,0.5889497,0.62672603,0.59952295,0.027203083,0.010573268,0.03777635
cand_003040,<30,0.5788577,0.56015897,0.6059215,-0.04576254,0.027063787,-0.018698752
cand_003050,50-59,0.6223829,0.5753608,0.535349,0.040011764,-0.08703387,-0.047022104
cand_003065,40-49,0.6308695,0.7002974,0.67819494,0.022102475,0.047325432,0.06942791
cand_003068,50-59,0.6991205,0.72810197,0.6717686,0.056333363,-0.027351916,0.028981447
cand_003075,50-59,0.53529215,0.5905552,0.6197318,-0.029176593,0.084439635,0.055263042
cand_003079,60+,0.6779157,0.7303377,0.6919236,0.03841406,0.014007926,0.052421987
cand_003087,50-59,0.62042165,0.64828753,0.7054932,-0.057205677,0.08507156,0.027865887
cand_003099,30-39,0.56166965,0.6787201,0.60665876,0.07206136,0.04498911,0.11705047
cand_003131,<30,0.53022814,0.5198532,0.5167073,0.0031458735,-0.013520837,-0.010374963
cand_003134,60+,0.5320524,0.602281,0.60986507,-0.007584095,0.07781267,0.07022858
cand_003135,<30,0.6302374,0.6219616,0.63346684,-0.011505246,0.0032294393,-0.008275807
cand_003137,60+,0.5124511,0.5444652,0.533506,0.010959208,0.021054864,0.032014072
cand_003143,<30,0.547343,0.5706518,0.5636587,0.006993115,0.016315699,0.023308814
cand_003151,<30,0.56990904,0.6249063,0.5798496,0.0450567,0.009940565,0.054997265
cand_003158,60+,0.63317716,0.6508248,0.7002404,-0.04941559,0.06706321,0.017647624
cand_003162,60+,0.6477513,0.6643604,0.7142024,-0.049842,0.06645113,0.016609132
cand_003171,40-49,0.57904756,0.5565865,0.6826447,-0.12605822,0.103597164,-0.022461057
cand_003172,50-59,0.65020156,0.6736307,0.6673283,0.0063024163,0.017126739,0.023429155
cand_003177,30-39,0.622758,0.5853512,0.5841117,0.0012395382,-0.03864628,-0.037406743
cand_003180,30-39,0.6357242,0.5506918,0.55757195,-0.006880164,-0.07815224,-0.0850324
cand_003183,50-59,0.6510923,0.67939365,0.6445256,0.03486806,-0.0065667033,0.028301358
cand_003193,30-39,0.6603806,0.54372066,0.66306025,-0.119339585,0.002679646,-0.11665994
cand_003199,<30,0.61482555,0.61193043,0.6792389,-0.067308486,0.06441337,-0.0028951168
cand_003204,<30,0.5925792,0.61735725,0.6479033,-0.03054607,0.055324137,0.024778068
cand_003216,40-49,0.49237636,0.44284824,0.3970608,0.045787424,-0.095315546,-0.049528122
cand_003221,40-49,0.6921203,0.7037741,0.7286997,-0.02492559,0.03657937,0.011653781
cand_003228,<30,0.5693585,0.62752175,0.5927743,0.03474748,0.023415744,0.058163226
cand_003242,30-39,0.57901376,0.52924824,0.57127637,-0.04202813,-0.007737398,-0.049765527
cand_003246,40-49,0.6406325,0.5513015,0.63743633,-0.08613485,-0.0031961799,-0.08933103
cand_003283,30-39,0.6639315,0.6235256,0.68462956,-0.06110394,0.02069807,-0.04040587
cand_003295,50-59,0.5566021,0.6485225,0.6267167,0.021805823,0.07011455,0.091920376
cand_003298,50-59,0.543647,0.5950483,0.619321,-0.02427268,0.075674,0.051401317
cand_003300,40-49,0.6480827,0.65539944,0.6489687,0.006430745,0.00088602304,0.007316768
cand_003317,60+,0.67766035,0.65565515,0.5608945,0.09476066,-0.11676586,-0.0220052
cand_003333,60+,0.55796206,0.607476,0.5697542,0.037721813,0.011792123,0.049513936
cand_003348,<30,0.5253187,0.5657364,0.59870523,-0.03296882,0.07338655,0.04041773
cand_003358,<30,0.5004327,0.55750763,0.51058507,0.046922565,0.01015234,0.057074904
cand_003366,60+,0.5364033,0.57274866,0.6826651,-0.10991645,0.14626181,0.036345363
cand_003383,40-49,0.63946867,0.6462953,0.6649358,-0.018640518,0.025467157,0.006826639
cand_003393,50-59,0.6522509,0.6670175,0.6174065,0.049611032,-0.0348444,0.0147666335
cand_003412,60+,0.56635094,0.59947157,0.6410991,-0.041627526,0.07474816,0.033120632
cand_003418,40-49,0.54776037,0.6847863,0.6188661,0.065920234,0.07110572,0.13702595
cand_003434,50-59,0.6204927,0.7520836,0.66406447,0.08801913,0.04357177,0.1315909
cand_003436,<30,0.54474616,0.5553539,0.5827049,-0.027351022,0.03795874,0.010607719
cand_003472,50-59,0.59934497,0.557932,0.54435325,0.013578773,-0.054991722,-0.04141295
cand_003482,30-39,0.6004323,0.5747317,0.62416184,-0.049430132,0.023729563,-0.02570057
cand_003504,40-49,0.6248464,0.69073457,0.6659988,0.024735749,0.041152418,0.06588817
cand_003544,50-59,0.7287384,0.57305443,0.6974189,-0.124364495,-0.0313195,-0.155684
cand_003545,40-49,0.58611107,0.5700873,0.6135746,-0.04348731,0.027463555,-0.016023755
cand_003555,50-59,0.5628238,0.6664896,0.5679838,0.098505795,0.0051600337,0.10366583
cand_003559,40-49,0.621438,0.6137459,0.64607733,-0.032331407,0.024639308,-0.0076920986
cand_003576,40-49,0.7095603,0.6708201,0.6749919,-0.0041717887,-0.03456837,-0.038740158
cand_003600,50-59,0.55448234,0.6391372,0.6129705,0.026166737,0.05848813,0.08465487
cand_003605,<30,0.54049885,0.546535,0.6063041,-0.059769094,0.06580526,0.0060361624
cand_003606,40-49,0.740852,0.6608281,0.67299634,-0.012168229,-0.067855656,-0.080023885
cand_003608,60+,0.5388512,0.54938865,0.52291286,0.026475787,-0.015938342,0.010537446
cand_003616,<30,0.53469425,0.64614105,0.61166084,0.034480214,0.076966584,0.1114468
cand_003627,<30,0.6058022,0.6455759,0.65963686,-0.014060974,0.053834677,0.039773703
cand_003637,50-59,0.65619826,0.6370124,0.64212185,-0.0051094294,-0.014076412,-0.019185841
cand_003639,60+,0.6718899,0.6522689,0.67910075,-0.026831865,0.0072108507,-0.019621015
cand_003642,40-49,0.6579231,0.7204205,0.70942926,0.010991216,0.05150616,0.062497377
cand_003655,40-49,0.65425885,0.7028661,0.66250455,0.040361524,0.008245707,0.04860723
cand_003670,50-59,0.612847,0.6094422,0.57001805,0.03942412,-0.042828918,-0.0034047961
cand_003674,60+,0.56417996,0.5791755,0.62097025,-0.041794777,0.056790292,0.014995515
cand_003684,50-59,0.5977019,0.6276218,0.61488867,0.012733161,0.01718676,0.029919922
cand_003691,30-39,0.6566704,0.6058178,0.607385,-0.0015671849,-0.04928541,-0.050852597
cand_003703,30-39,0.5803425,0.6370002,0.6191989,0.017801285,0.038856447,0.05665773
cand_003704,<30,0.6461349,0.54454446,0.6092624,-0.06471795,-0.036872506,-0.101590455
cand_003729,40-49,0.65541804,0.6228497,0.6472498,-0.024400115,-0.0081682205,-0.032568336
cand_003730,50-59,0.63097084,0.68490213,0.64595413,0.038948,0.014983296,0.053931296
cand_003742,30-39,0.6069913,0.59296954,0.56691754,0.026051998,-0.040073752,-0.014021754
cand_003743,50-59,0.7133843,0.7014911,0.6801049,0.021386206,-0.03327936,-0.011893153
cand_003745,50-59,0.66524374,0.6133487,0.580157,0.03319174,-0.08508676,-0.051895022
cand_003766,<30,0.50395894,0.5326057,0.5173991,0.015206635,0.013440132,0.028646767
cand_003781,60+,0.6965973,0.7182844,0.7392918,-0.021007359,0.04269451,0.02168715
cand_003798,50-59,0.6697694,0.64002216,0.7025827,-0.06256056,0.03281331,-0.029747248
cand_003804,30-39,0.573908,0.6190167,0.6096429,0.009373784,0.03573495,0.045108736
cand_003818,40-49,0.6952354,0.67674196,0.6576126,0.019129336,-0.03762275,-0.018493414
cand_003846,50-59,0.6437102,0.6888361,0.61385775,0.07497835,-0.02985245,0.0451259
cand_003847,50-59,0.73346996,0.67556727,0.70891166,-0.033344388,-0.024558306,-0.057902694
cand_003854,40-49,0.527202,0.53257394,0.6225008,-0.08992684,0.09529877,0.005371928
cand_003858,<30,0.5050513,0.51750576,0.6067844,-0.08927864,0.10173309,0.01245445
cand_003892,40-49,0.60786766,0.67388,0.6842419,-0.01036191,0.07637423,0.06601232
cand_003895,30-39,0.67553025,0.7116632,0.677783,0.033880174,0.0022527575,0.03613293
cand_003910,<30,0.60327995,0.63306,0.6467713,-0.013711333,0.043491364,0.02978003
cand_003933,40-49,0.6141684,0.61923695,0.666333,-0.047096074,0.052164614,0.0050685406
cand_003939,60+,0.6223215,0.5688209,0.61279964,-0.04397875,-0.009521842,-0.053500593
cand_003943,40-49,0.6196431,0.6390982,0.65305525,-0.013957024,0.03341216,0.019455135
cand_003952,50-59,0.6615885,0.62267464,0.6566371,-0.03396243,-0.0049514174,-0.038913846
cand_003965,60+,0.7565285,0.68714863,0.65028363,0.036864996,-0.10624486,-0.069379866
cand_003977,50-59,0.5886019,0.6595073,0.60699195,0.052515328,0.01839006,0.07090539
cand_003990,30-39,0.63037336,0.612408,0.6416516,-0.029243588,0.011278212,-0.017965376
cand_004002,50-59,0.65304226,0.6560744,0.60847354,0.047600865,-0.044568717,0.003032148
cand_004003,30-39,0.63035184,0.57325685,0.6196379,-0.046381056,-0.010713935,-0.05709499
cand_004006,50-59,0.58758605,0.6560044,0.622401,0.03360343,0.034814954,0.06841838
cand_004020,50-59,0.6515484,0.6537779,0.6939037,-0.040125787,0.0423553,0.0022295117
cand_004027,<30,0.6247891,0.66137743,0.6690245,-0.007647097,0.04423541,0.03658831
cand_004032,40-49,0.6252045,0.6909589,0.6225597,0.06839919,-0.0026447773,0.06575441
cand_004035,40-49,0.6455711,0.5438998,0.6413171,-0.097417355,-0.0042539835,-0.10167134
cand_004048,30-39,0.60851735,0.6537641,0.6862171,-0.032453,0.07769978,0.04524678
cand_004059,30-39,0.6064757,0.6448693,0.5726204,0.072248936,-0.03385532,0.038393617
cand_004072,50-59,0.68887264,0.6525924,0.7011256,-0.0485332,0.012252986,-0.036280215
cand_004073,60+,0.67877126,0.6482926,0.6603973,-0.01210469,-0.018373966,-0.030478656
cand_004089,30-39,0.57015365,0.6113914,0.60087055,0.010520875,0.030716896,0.04123777
cand_004114,<30,0.6542058,0.6736832,0.68198484,-0.008301616,0.027779043,0.019477427
cand_004118,40-49,0.5348203,0.5914796,0.5994743,-0.007994711,0.06465399,0.05665928
cand_004122,60+,0.5798769,0.60049367,0.5987465,0.001747191,0.018869579,0.02061677
cand_004124,<30,0.66030246,0.62359166,0.6244529,-0.0008612275,-0.03584957,-0.0367108
cand_004130,30-39,0.60104513,0.584018,0.6112268,-0.027208805,0.010181665,-0.01702714
cand_004137,50-59,0.56281364,0.5786256,0.6155374,-0.036911786,0.052723765,0.01581198
cand_004148,30-39,0.5847585,0.63625956,0.57274735,0.063512206,-0.01201117,0.051501036
cand_004154,60+,0.69554543,0.72187674,0.7583591,-0.036482334,0.06281364,0.026331306
cand_004167,30-39,0.7228173,0.63697374,0.6635541,-0.026580334,-0.05926323,-0.08584356
cand_004186,60+,0.6704607,0.6602641,0.6315851,0.028678954,-0.03887558,-0.010196626
cand_004191,30-39,0.5667095,0.65244704,0.69899136,-0.046544313,0.13228184,0.08573753
cand_004217,40-49,0.58291674,0.60052,0.6047144,-0.004194379,0.021797657,0.017603278
cand_004223,40-49,0.5733316,0.6765436,0.6522582,0.024285376,0.07892662,0.103212
cand_004249,<30,0.6054137,0.6318973,0.58496153,0.046935737,-0.020452142,0.026483595
cand_004256,30-39,0.6436565,0.62964076,0.6318883,-0.0022475123,-0.011768222,-0.014015734
cand_004262,40-49,0.5920999,0.6236748,0.63057804,-0.006903231,0.038478136,0.031574905
cand_004283,30-39,0.6133102,0.58670706,0.65359056,-0.066883504,0.040280342,-0.026603162
cand_004284,<30,0.5930822,0.5869263,0.5892785,-0.0023522377,-0.0038036704,-0.006155908
cand_004286,40-49,0.46436062,0.5621756,0.5366324,0.025543153,0.072271794,0.09781495
cand_004296,30-39,0.616753,0.6351464,0.62619674,0.008949637,0.00944376,0.018393397
cand_004298,30-39,0.5043043,0.5203098,0.5267235,-0.006413698,0.022419214,0.016005516
cand_004312,40-49,0.5142199,0.6121031,0.6206669,-0.008563817,0.10644704,0.097883224
cand_004320,<30,0.5954881,0.5409695,0.5971266,-0.056157112,0.0016385317,-0.05451858
cand_004324,60+,0.6147583,0.5681604,0.4863982,0.081762224,-0.12836012,-0.046597898
cand_004337,50-59,0.5824834,0.6284014,0.6072458,0.021155596,0.024762392,0.045917988
cand_004347,<30,0.6037737,0.60178053,0.6005633,0.001217246,-0.0032104254,-0.0019931793
cand_004349,50-59,0.6586311,0.66581285,0.6174406,0.04837227,-0.041190505,0.0071817636
cand_004354,60+,0.6807842,0.68576026,0.69402707,-0.008266807,0.013242841,0.004976034
cand_004357,<30,0.5559314,0.57546425,0.6251444,-0.049680173,0.06921303,0.01953286
cand_004360,50-59,0.58955866,0.6051634,0.6012945,0.003868878,0.0117358565,0.015604734
cand_004362,40-49,0.6144193,0.6062256,0.62600946,-0.019783854,0.011590183,-0.008193672
cand_004365,50-59,0.51194566,0.604458,0.6175386,-0.013080597,0.10559291,0.09251231
cand_004368,50-59,0.5757463,0.5634645,0.5913144,-0.027849853,0.015568078,-0.0122817755
cand_004371,60+,0.6739138,0.63883567,0.7305747,-0.09173906,0.05666095,-0.03507811
cand_004381,50-59,0.68862444,0.56707096,0.6669969,-0.099925935,-0.021627545,-0.12155348
cand_004401,50-59,0.6717374,0.6985093,0.6620994,0.036409855,-0.009637952,0.026771903
cand_004406,50-59,0.642307,0.66479003,0.6668761,-0.0020860434,0.024569094,0.02248305
cand_004409,50-59,0.6879736,0.6957159,0.7138952,-0.018179297,0.025921583,0.0077422857
cand_004416,30-39,0.61480045,0.60420406,0.6116928,-0.0074887276,-0.003107667,-0.010596395
cand_004433,<30,0.6365968,0.588644,0.6079097,-0.019265652,-0.02868712,-0.04795277
cand_004467,60+,0.7053932,0.6776952,0.5821903,0.09550494,-0.12320292,-0.02769798
cand_004471,40-49,0.7228189,0.6990167,0.70263445,-0.0036177635,-0.020184457,-0.02380222
cand_004494,60+,0.5793179,0.6403995,0.62935126,0.011048257,0.05003333,0.06108159
cand_004505,30-39,0.6570821,0.65398467,0.694805,-0.04082036,0.037722945,-0.003097415
cand_004518,60+,0.5411191,0.59753805,0.5801804,0.017357647,0.039061308,0.056418955
cand_004533,40-49,0.6031074,0.56117654,0.6025338,-0.04135728,-0.0005735755,-0.041930854
cand_004535,50-59,0.6539903,0.6922749,0.6779903,0.014284611,0.023999989,0.0382846
cand_004540,<30,0.4477631,0.46653718,0.49631533,-0.029778153,0.048552245,0.018774092
cand_004554,<30,0.52335244,0.5729693,0.57549465,-0.0025253296,0.052142203,0.049616873
cand_004560,<30,0.6917551,0.69011927,0.69931173,-0.009192467,0.0075566173,-0.0016358495
cand_004589,30-39,0.53765506,0.55457336,0.5491153,0.005458057,0.011460245,0.016918302
cand_004601,60+,0.48579717,0.5994106,0.6159631,-0.016552508,0.13016593,0.11361343
cand_004602,60+,0.54186416,0.6557947,0.64897835,0.0068163276,0.107114196,0.11393052
cand_004637,50-59,0.68899643,0.69668055,0.7058476,-0.009167075,0.016851187,0.0076841116
cand_004640,30-39,0.53405416,0.5410449,0.55015874,-0.009113848,0.016104579,0.0069907308
cand_004676,40-49,0.6031879,0.49796277,0.67961365,-0.18165088,0.07642573,-0.105225146
cand_004681,50-59,0.6165476,0.58946496,0.6533909,-0.06392592,0.0368433,-0.027082622
cand_004683,<30,0.5197963,0.59777,0.6172207,-0.019450724,0.09742439,0.077973664
cand_004689,30-39,0.651991,0.6159491,0.63767445,-0.021725357,-0.014316559,-0.036041915
cand_004690,40-49,0.5499306,0.5439192,0.5235052,0.020413995,-0.026425362,-0.006011367
cand_004697,<30,0.6135813,0.6003138,0.5894147,0.010899067,-0.024166584,-0.013267517
cand_004704,30-39,0.6232287,0.63760924,0.6136975,0.023911715,-0.0095312,0.014380515
cand_004708,30-39,0.57536936,0.5923842,0.6761034,-0.083719194,0.100734055,0.017014861
cand_004713,<30,0.5524618,0.5796977,0.58285654,-0.0031588078,0.030394733,0.027235925
cand_004744,<30,0.60933983,0.57197523,0.58431107,-0.012335837,-0.025028765,-0.037364602
cand_004763,50-59,0.5889145,0.59047234,0.6196676,-0.02919525,0.030753076,0.001557827
cand_004767,30-39,0.5061784,0.5092577,0.58586943,-0.07661176,0.07969105,0.0030792952
cand_004786,30-39,0.5929601,0.6483542,0.6317063,0.016647875,0.03874618,0.055394053
cand_004788,40-49,0.6283429,0.65846837,0.65998185,-0.0015134811,0.03163892,0.03012544
cand_004797,<30,0.6492661,0.6392226,0.6042417,0.034980893,-0.045024395,-0.010043502
cand_004812,40-49,0.5909544,0.6172401,0.61256564,0.0046744347,0.021611214,0.026285648
cand_004820,50-59,0.6629051,0.62991047,0.62134,0.008570492,-0.04156512,-0.032994628
cand_004821,<30,0.5218823,0.5445721,0.5911067,-0.046534598,0.06922442,0.02268982
cand_004823,50-59,0.6226828,0.7373618,0.6146822,0.12267959,-0.008000612,0.11467898
cand_004835,40-49,0.5869074,0.7273577,0.70131564,0.026042044,0.114408255,0.1404503
cand_004842,60+,0.663581,0.6777687,0.6765723,0.0011963844,0.012991309,0.014187694
cand_004844,60+,0.70054495,0.6550341,0.6851014,-0.030067265,-0.015443563,-0.04551083
cand_004850,40-49,0.66582227,0.77201456,0.7538123,0.018202245,0.087990046,0.10619229
cand_004857,40-49,0.619632,0.65407974,0.6337837,0.020296037,0.014151692,0.03444773
cand_004858,50-59,0.68376136,0.71908677,0.75838774,-0.03930098,0.074626386,0.035325408
cand_004863,60+,0.7118902,0.72194386,0.6852515,0.03669238,-0.026638746,0.010053635
cand_004898,<30,0.5753372,0.5704497,0.56566525,0.004784465,-0.0096719265,-0.0048874617
cand_004903,<30,0.5528568,0.5777962,0.5198604,0.057935834,-0.032996416,0.024939418
cand_004908,60+,0.6513411,0.7038051,0.68062764,0.023177445,0.029286563,0.05246401
cand_004920,<30,0.6133068,0.64301157,0.65277076,-0.009759188,0.039463937,0.02970475
cand_004932,<30,0.5959796,0.60562867,0.54365075,0.061977923,-0.052328825,0.009649098
cand_004938,30-39,0.549598,0.65991724,0.60581124,0.054105997,0.05621326,0.11031926
cand_004960,40-49,0.6090572,0.6409245,0.63075763,0.0101668835,0.021700442,0.031867325
cand_004963,60+,0.60910976,0.6641968,0.6878997,-0.02370292,0.07878995,0.05508703
cand_004973,40-49,0.58735204,0.6160462,0.58088744,0.035158753,-0.0064646006,0.028694153
cand_004982,40-49,0.6578526,0.7067514,0.6948925,0.0118588805,0.037039936,0.048898816
cand_004992,40-49,0.546495,0.55109507,0.53801274,0.013082325,-0.008482277,0.004600048
cand_004995,50-59,0.5096793,0.6126976,0.6552553,-0.042557716,0.145576,0.103018284
cand_005001,60+,0.51343596,0.5585767,0.5829224,-0.024345696,0.06948644,0.045140743
cand_005007,40-49,0.5228324,0.51976335,0.5533787,-0.03361535,0.030546308,-0.0030690432
cand_005010,30-39,0.6269314,0.6249682,0.65479517,-0.029826999,0.02786374,-0.0019632578
cand_005018,40-49,0.6003267,0.5241879,0.59710914,-0.07292122,-0.003217578,-0.076138794
cand_005024,50-59,0.6329769,0.65386856,0.6393037,0.014564872,0.0063267946,0.020891666
cand_005026,30-39,0.5373912,0.6488772,0.63190866,0.016968548,0.09451747,0.11148602
cand_005032,40-49,0.6639059,0.6866591,0.6505351,0.03612399,-0.013370812,0.02275318
cand_005053,<30,0.6504268,0.64479834,0.6388843,0.0059140325,-0.011542499,-0.0056284666
cand_005056,50-59,0.62842566,0.67702353,0.67110497,0.0059185624,0.04267931,0.048597872
cand_005059,60+,0.70040077,0.59633553,0.65431863,-0.0579831,-0.04608214,-0.10406524
cand_005071,60+,0.5808124,0.6260183,0.57743615,0.048582137,-0.0033762455,0.04520589
cand_005077,40-49,0.6189339,0.65172935,0.64770746,0.004021883,0.028773546,0.03279543
cand_005084,60+,0.64392143,0.65010357,0.60142636,0.048677206,-0.042495072,0.006182134
cand_005098,<30,0.5819761,0.5671337,0.53945464,0.027679086,-0.042521477,-0.014842391
cand_005099,30-39,0.58511347,0.5836888,0.65659165,-0.07290286,0.07147819,-0.0014246702
cand_005104,40-49,0.6538976,0.66098464,0.6669997,-0.0060150623,0.013102114,0.007087052
cand_005120,50-59,0.5804338,0.64053357,0.6459349,-0.0054013133,0.065501094,0.06009978
cand_005122,60+,0.5567708,0.64880073,0.62769383,0.021106899,0.07092303,0.09202993
cand_005128,<30,0.58270586,0.54586923,0.6177769,-0.07190764,0.035071015,-0.036836624
cand_005133,30-39,0.48999098,0.6305674,0.521749,0.10881835,0.03175804,0.14057639
cand_005136,<30,0.5094443,0.49673298,0.5155644,-0.018831402,0.0061200857,-0.012711316
cand_005139,30-39,0.58119655,0.5733074,0.6327987,-0.059491277,0.051602125,-0.007889152
cand_005154,40-49,0.65140575,0.67037356,0.69089866,-0.020525098,0.039492905,0.018967807
cand_005156,<30,0.5730585,0.59415805,0.50527084,0.088887215,-0.06778765,0.021099567
cand_005166,<30,0.61304647,0.6557271,0.63284934,0.022877753,0.019802868,0.04268062
cand_005171,60+,0.6444528,0.69857717,0.6669482,0.031628966,0.022495389,0.054124355
cand_005191,40-49,0.536302,0.55137604,0.55930465,-0.00792861,0.023002684,0.015074074
cand_005195,40-49,0.60468304,0.61674035,0.5519645,0.064775825,-0.05271852,0.012057304
cand_005200,30-39,0.51742446,0.5424056,0.5036346,0.038771033,-0.013789892,0.024981141
cand_005219,50-59,0.70861024,0.68994355,0.67968297,0.010260582,-0.028927267,-0.018666685
cand_005224,50-59,0.5764057,0.58469886,0.53371364,0.050985217,-0.042692065,0.008293152
cand_005235,40-49,0.6506053,0.7257817,0.6557152,0.07006645,0.005109906,0.07517636
cand_005237,60+,0.6920879,0.6285293,0.6295388,-0.0010094643,-0.062549114,-0.06355858
cand_005254,<30,0.6172924,0.5406638,0.517725,0.022938788,-0.09956741,-0.076628625
cand_005265,50-59,0.49985784,0.584893,0.6067111,-0.021818101,0.10685325,0.085035145
cand_005270,40-49,0.6622994,0.6586304,0.7081628,-0.049532413,0.04586339,-0.0036690235
cand_005277,<30,0.61271,0.58519226,0.61437726,-0.029184997,0.0016672611,-0.027517736
cand_005282,40-49,0.6187959,0.63327634,0.6584878,-0.025211453,0.039691925,0.014480472
cand_005292,30-39,0.5899646,0.61003876,0.61562634,-0.005587578,0.025661707,0.02007413
cand_005303,60+,0.69067824,0.6586456,0.6925764,-0.033930838,0.0018981695,-0.03203267
cand_005315,30-39,0.58693933,0.5662522,0.65321124,-0.086959064,0.0662719,-0.020687163
cand_005333,30-39,0.6244564,0.6179905,0.6256993,-0.007708788,0.001242876,-0.006465912
cand_005343,<30,0.62501764,0.5322217,0.558511,-0.026289344,-0.066506624,-0.09279597
cand_005347,60+,0.6726825,0.6327771,0.69413126,-0.06135416,0.021448731,-0.03990543
cand_005364,30-39,0.7063999,0.7247811,0.7759032,-0.05112213,0.06950331,0.018381178
cand_005368,60+,0.53456527,0.5905997,0.5349008,0.05569893,0.00033551455,0.056034446
cand_005372,<30,0.698535,0.633821,0.6133857,0.020435333,-0.08514935,-0.064714015
cand_005386,60+,0.58663416,0.67771924,0.682632,-0.0049127936,0.09599787,0.09108508
cand_005391,50-59,0.6858816,0.75698894,0.69988734,0.057101607,0.014005721,0.07110733
cand_005392,<30,0.61618435,0.64456517,0.6087365,0.03582865,-0.007447839,0.028380811
cand_005393,40-49,0.6820357,0.66748214,0.68033344,-0.012851298,-0.001702249,-0.014553547
cand_005411,<30,0.61495984,0.6160674,0.6179497,-0.0018823147,0.0029898882,0.0011075735
cand_005412,30-39,0.53837824,0.5754801,0.55077726,0.024702847,0.012399018,0.037101865
cand_005416,50-59,0.6181456,0.68002856,0.6897791,-0.009750545,0.07163352,0.061882973
cand_005417,50-59,0.55524015,0.6621393,0.6735199,-0.011380613,0.118279755,0.10689914
cand_005420,40-49,0.6766566,0.66834015,0.6230078,0.045332372,-0.05364883,-0.008316457
cand_005424,50-59,0.6463287,0.72697586,0.68817496,0.038800895,0.041846275,0.08064717
cand_005451,30-39,0.48726296,0.56969327,0.5527216,0.016971648,0.065458655,0.0824303
cand_005452,<30,0.60563636,0.55603254,0.5705966,-0.014564037,-0.035039783,-0.04960382
cand_005461,40-49,0.5439176,0.5831522,0.5319175,0.051234663,-0.012000084,0.03923458
cand_005487,<30,0.6332176,0.618345,0.6495517,-0.031206667,0.016334116,-0.014872551
cand_005495,50-59,0.5968998,0.6134317,0.61992747,-0.006495774,0.023027658,0.016531885
cand_005496,50-59,0.6887218,0.7277328,0.6840249,0.043707907,-0.0046969056,0.039011
cand_005517,60+,0.5848355,0.66770506,0.6049479,0.062757134,0.020112395,0.08286953
cand_005532,30-39,0.6027262,0.5214202,0.6075519,-0.08613169,0.0048256516,-0.08130604
cand_005534,30-39,0.54800755,0.58647394,0.5551733,0.031300664,0.00716573,0.038466394
cand_005546,40-49,0.61343056,0.6258576,0.68899524,-0.06313765,0.07556468,0.012427032
cand_005559,30-39,0.6393291,0.6666099,0.6162671,0.0503428,-0.02306199,0.027280807
cand_005572,30-39,0.6169596,0.63912743,0.5391761,0.09995133,-0.077783465,0.022167861
cand_005591,30-39,0.614913,0.6682967,0.63537055,0.032926142,0.020457566,0.053383708
cand_005612,30-39,0.6142478,0.60365343,0.6026406,0.0010128021,-0.01160717,-0.010594368
cand_005628,40-49,0.5738103,0.6157082,0.6267924,-0.011084199,0.052982092,0.041897893
cand_005649,<30,0.5736728,0.5844697,0.58578837,-0.0013186932,0.012115598,0.010796905
cand_005659,40-49,0.5959003,0.6268408,0.58380187,0.043038905,-0.012098432,0.030940473
cand_005672,60+,0.6875578,0.6800623,0.70268005,-0.022617757,0.015122235,-0.0074955225
cand_005688,40-49,0.6239513,0.6137159,0.5962231,0.017492771,-0.0277282,-0.010235429
cand_005692,30-39,0.62239635,0.6433767,0.6614708,-0.018094063,0.03907442,0.020980358
cand_005698,50-59,0.7020292,0.72248405,0.72230285,0.00018119812,0.020273626,0.020454824
cand_005699,40-49,0.6573331,0.7027872,0.700167,0.0026202202,0.042833924,0.045454144
cand_005717,40-49,0.57488143,0.5395007,0.54511094,-0.0056102276,-0.029770494,-0.03538072
cand_005718,60+,0.66282475,0.6788112,0.6436019,0.035209298,-0.019222856,0.015986443
cand_005735,40-49,0.60140944,0.6084413,0.65067756,-0.04223627,0.049268126,0.007031858
cand_005746,<30,0.59156793,0.5581142,0.56251824,-0.004404068,-0.029049695,-0.033453763
cand_005753,40-49,0.6332528,0.65163505,0.6206416,0.030993462,-0.01261121,0.018382251
cand_005764,<30,0.583899,0.5408981,0.5902555,-0.049357414,0.0063564777,-0.043000937
cand_005766,50-59,0.60918266,0.6434688,0.5809721,0.06249672,-0.02821058,0.03428614
cand_005767,<30,0.66809666,0.6666886,0.6904883,-0.023799658,0.022391617,-0.0014080405
cand_005801,60+,0.5848769,0.66886127,0.5699978,0.09886348,-0.0148791075,0.083984375
cand_005808,<30,0.5534637,0.51725376,0.5536371,-0.03638333,0.00017338991,-0.03620994
cand_005820,30-39,0.60570866,0.64798725,0.6172005,0.030786753,0.011491835,0.042278588
cand_005821,<30,0.5928366,0.6497127,0.5930246,0.05668807,0.00018799305,0.056876063
cand_005839,60+,0.5795344,0.6081799,0.57410604,0.03407389,-0.005428374,0.028645515
cand_005869,60+,0.639124,0.6553644,0.6545644,0.00080001354,0.015440404,0.016240418
cand_005885,30-39,0.6154395,0.65278786,0.6406419,0.0121459365,0.025202453,0.03734839
cand_005895,40-49,0.57773244,0.6051676,0.63242805,-0.027260423,0.054695606,0.027435184
cand_005918,<30,0.5334964,0.5902188,0.5671588,0.023059964,0.03366244,0.056722403
cand_005920,40-49,0.59332514,0.59937984,0.5807783,0.018601537,-0.012546837,0.0060546994
cand_005928,30-39,0.62244606,0.60753495,0.5843418,0.023193121,-0.038104236,-0.014911115
cand_005937,60+,0.6794328,0.70683026,0.6506462,0.056184053,-0.0287866,0.027397454
cand_005939,30-39,0.65588343,0.68197906,0.6897717,-0.0077926517,0.03388828,0.026095629
cand_005941,40-49,0.6043231,0.6289727,0.71410155,-0.085128844,0.109778464,0.02464962
cand_005944,50-59,0.5845897,0.64574075,0.6559477,-0.010206938,0.071357965,0.061151028
cand_005951,50-59,0.621842,0.6519549,0.5992589,0.05269599,-0.022583127,0.030112863
cand_005952,60+,0.6829119,0.6835224,0.6937304,-0.010208011,0.010818541,0.0006105304
cand_005974,60+,0.6164874,0.59165555,0.6378416,-0.04618603,0.021354198,-0.024831831
cand_005980,60+,0.6223369,0.6520846,0.6436669,0.008417666,0.021329999,0.029747665
cand_006010,40-49,0.6485278,0.6416206,0.6210222,0.020598352,-0.027505577,-0.0069072247
cand_006021,60+,0.6885643,0.69338006,0.69114125,0.00223881,0.0025769472,0.0048157573
cand_006030,60+,0.64577687,0.67249125,0.6586005,0.013890743,0.012823641,0.026714385
cand_006034,40-49,0.54963934,0.67245126,0.63497114,0.037480116,0.0853318,0.12281191
cand_006039,30-39,0.5266969,0.591975,0.57894886,0.013026118,0.052251935,0.06527805
cand_006052,50-59,0.6448883,0.60224336,0.58962023,0.012623131,-0.05526805,-0.042644918
cand_006070,50-59,0.640908,0.6282846,0.659987,-0.0317024,0.01907897,-0.012623429
cand_006097,30-39,0.4899217,0.5245241,0.5410991,-0.016574979,0.051177382,0.034602404
cand_006100,<30,0.61673164,0.6187813,0.66382855,-0.045047224,0.047096908,0.0020496845
cand_006117,30-39,0.5880318,0.6664827,0.6786505,-0.012167811,0.09061867,0.07845086
cand_006129,<30,0.64229333,0.72579134,0.6763443,0.04944706,0.03405094,0.083498
cand_006139,60+,0.622002,0.624699,0.61179966,0.012899339,-0.010202348,0.002696991
cand_006143,30-39,0.5609184,0.5068077,0.53000474,-0.023197055,-0.030913651,-0.054110706
cand_006147,30-39,0.57300603,0.5882505,0.58978665,-0.0015361309,0.016780615,0.015244484
cand_006157,50-59,0.6031728,0.66524774,0.6521903,0.013057411,0.04901755,0.06207496
cand_006158,60+,0.6425628,0.68327236,0.6751517,0.008120656,0.0325889,0.040709555
cand_006166,<30,0.5616573,0.5419872,0.5609934,-0.019006193,-0.00066393614,-0.019670129
cand_006170,30-39,0.5068997,0.5396577,0.4924162,0.04724151,-0.014483511,0.032757998
cand_006174,<30,0.5388884,0.5723954,0.5910543,-0.018658936,0.052165926,0.03350699
cand_006177,50-59,0.71675867,0.6821078,0.72583497,-0.04372716,0.009076297,-0.034650862
cand_006194,<30,0.53158027,0.50207263,0.5796938,-0.07762116,0.048113525,-0.029507637
cand_006196,<30,0.56884575,0.5796743,0.5574258,0.022248507,-0.011419952,0.010828555
cand_006202,40-49,0.5866616,0.6224345,0.6694603,-0.0470258,0.08279872,0.03577292
cand_006207,40-49,0.692634,0.7094083,0.6063993,0.103008986,-0.08623469,0.016774297
cand_006210,40-49,0.6329177,0.6085841,0.65458965,-0.046005547,0.02167195,-0.024333596
cand_006218,40-49,0.5481192,0.6223401,0.6544795,-0.03213942,0.10636032,0.074220896
cand_006222,<30,0.57828957,0.61342454,0.556502,0.056922555,-0.021787584,0.03513497
cand_006223,60+,0.6360852,0.63907146,0.6869796,-0.047908127,0.05089438,0.0029862523
cand_006227,30-39,0.6016648,0.6096271,0.54512453,0.0645026,-0.05654025,0.007962346
cand_006237,30-39,0.6125231,0.65855825,0.67812777,-0.019569516,0.06560469,0.04603517
cand_006239,60+,0.6890515,0.6921657,0.69492555,-0.0027598739,0.0058740377,0.0031141639
cand_006240,<30,0.49521434,0.54500484,0.57496,-0.029955149,0.07974565,0.0497905
cand_006242,<30,0.53189415,0.5109695,0.6024003,-0.09143078,0.070506155,-0.020924628
cand_006246,60+,0.591503,0.6239332,0.5780207,0.045912504,-0.013482332,0.032430172
cand_006252,50-59,0.5385407,0.5724813,0.56279224,0.009689033,0.02425152,0.033940554
cand_006253,30-39,0.47522497,0.4874556,0.5446963,-0.057240665,0.0694713,0.012230635
cand_006257,60+,0.56465673,0.59161097,0.6070725,-0.015461504,0.042415738,0.026954234
cand_006282,60+,0.6383428,0.6847384,0.651551,0.03318739,0.0132082105,0.0463956
cand_006285,<30,0.57692814,0.50490725,0.5507475,-0.045840263,-0.026180625,-0.07202089
cand_006297,<30,0.6008249,0.6179843,0.65286314,-0.03487885,0.052038252,0.017159402
cand_006310,50-59,0.5640521,0.7054876,0.6823389,0.023148715,0.11828679,0.1414355
cand_006376,60+,0.7153293,0.70948493,0.7055154,0.00396955,-0.009813905,-0.0058443546
cand_006397,30-39,0.57226276,0.6114205,0.57275426,0.03866625,0.0004914999,0.03915775
cand_006421,40-49,0.59262455,0.5687991,0.5872577,-0.018458605,-0.005366862,-0.023825467
cand_006431,50-59,0.5571077,0.59376943,0.61975014,-0.025980711,0.062642455,0.036661744
cand_006454,50-59,0.6908423,0.7436825,0.72299635,0.02068615,0.032154083,0.052840233
cand_006455,50-59,0.6686654,0.6531249,0.6600437,-0.006918788,-0.008621693,-0.015540481
cand_006457,60+,0.6120102,0.62839,0.6654718,-0.037081778,0.05346161,0.016379833
cand_006461,50-59,0.58877826,0.6965027,0.6139192,0.08258349,0.025140941,0.10772443
cand_006475,<30,0.63413215,0.6893742,0.6402236,0.049150586,0.0060914755,0.05524206
cand_006493,50-59,0.6380075,0.73904246,0.71190304,0.027139425,0.073895514,0.10103494
cand_006500,30-39,0.67337203,0.6686336,0.6405417,0.028091908,-0.032830358,-0.00473845
cand_006516,40-49,0.6315625,0.70689875,0.69451225,0.012386501,0.06294978,0.07533628
cand_006552,60+,0.6945282,0.67359054,0.7209276,-0.047337055,0.026399374,-0.020937681
cand_006559,40-49,0.6396258,0.6008092,0.6507062,-0.049896955,0.011080384,-0.03881657
cand_006566,40-49,0.56340384,0.62343174,0.61041576,0.0130159855,0.047011912,0.060027897
cand_006586,30-39,0.644759,0.61115164,0.6799077,-0.068756044,0.03514868,-0.033607364
cand_006590,30-39,0.46593806,0.460653,0.47432917,-0.013676167,0.008391112,-0.0052850544
cand_006598,40-49,0.6747776,0.6581203,0.68961614,-0.03149587,0.014838517,-0.016657352
cand_006669,30-39,0.6216455,0.7065135,0.6887309,0.017782629,0.067085385,0.084868014
cand_006673,<30,0.5956445,0.65864253,0.648226,0.010416508,0.05258155,0.06299806
cand_006675,50-59,0.63127583,0.7113421,0.68375367,0.027588427,0.052477837,0.08006626
cand_006700,<30,0.6032387,0.6423788,0.6020621,0.0403167,-0.0011765957,0.039140105
cand_006720,50-59,0.6585082,0.75015235,0.7030589,0.04709345,0.044550717,0.09164417
cand_006723,60+,0.7231642,0.7381828,0.69630814,0.041874647,-0.026856065,0.015018582
cand_006726,50-59,0.70291823,0.6877382,0.67622256,0.011515617,-0.026695669,-0.015180051
cand_006727,60+,0.6183386,0.6285536,0.6155552,0.012998402,-0.002783358,0.010215044
cand_006735,40-49,0.59129995,0.6112358,0.6268712,-0.01563543,0.035571277,0.019935846
cand_006739,50-59,0.5425682,0.5646834,0.6513043,-0.08662093,0.1087361,0.022115171
cand_006783,40-49,0.6797472,0.6766857,0.7216178,-0.044932127,0.041870594,-0.003061533
cand_006789,50-59,0.71570826,0.60742277,0.6736497,-0.06622696,-0.042058527,-0.10828549
cand_006804,<30,0.64372456,0.6584879,0.6332183,0.025269628,-0.010506272,0.014763355
cand_006819,60+,0.59697294,0.5830326,0.5718764,0.011156201,-0.025096536,-0.013940334
cand_006823,30-39,0.6132686,0.5467929,0.64481896,-0.09802604,0.031550348,-0.06647569
cand_006839,60+,0.69869936,0.60000575,0.70815563,-0.108149886,0.009456277,-0.09869361
cand_006842,40-49,0.6577989,0.6924639,0.7039981,-0.011534214,0.046199203,0.03466499
cand_006873,40-49,0.60137594,0.5723425,0.6874551,-0.1151126,0.08607918,-0.029033422
cand_006891,50-59,0.6350918,0.6481534,0.6622166,-0.0140631795,0.027124822,0.013061643
cand_006894,60+,0.6618722,0.6369511,0.63451725,0.0024338365,-0.027354956,-0.02492112
cand_006896,<30,0.57639825,0.5952596,0.570142,0.025117636,-0.0062562823,0.018861353
cand_006903,50-59,0.5857252,0.5960455,0.52855384,0.06749165,-0.057171345,0.010320306
cand_006906,<30,0.5597851,0.61977804,0.51764214,0.1021359,-0.042142987,0.05999291
cand_006921,30-39,0.6006638,0.56121105,0.5234569,0.037754178,-0.07720691,-0.03945273
cand_006922,50-59,0.64266884,0.6807309,0.6497135,0.031017363,0.007044673,0.038062036
cand_006934,<30,0.565979,0.5908835,0.58125764,0.009625852,0.015278637,0.02490449
cand_006946,60+,0.6077477,0.6101781,0.57634103,0.03383708,-0.03140664,0.002430439
cand_006952,50-59,0.56207144,0.6304482,0.6224846,0.007963598,0.06041318,0.06837678
cand_006954,<30,0.5716038,0.6110363,0.6209878,-0.009951472,0.049383998,0.039432526
cand_006957,40-49,0.5761961,0.52427804,0.605833,-0.08155495,0.02963692,-0.05191803
cand_006958,<30,0.527974,0.56297934,0.5738325,-0.010853171,0.045858502,0.03500533
cand_006974,50-59,0.6400752,0.6618512,0.6616373,0.00021392107,0.0215621,0.02177602
cand_006989,<30,0.6207597,0.5641532,0.6236392,-0.05948603,0.0028795004,-0.05660653
cand_006992,40-49,0.6224207,0.69404155,0.72662556,-0.03258401,0.10420483,0.07162082
cand_006994,60+,0.6386341,0.6252285,0.6367592,-0.011530697,-0.0018748641,-0.013405561
cand_007016,<30,0.5511943,0.49818963,0.5339943,-0.03580469,-0.017199993,-0.053004682
cand_007017,<30,0.57323194,0.5432377,0.62371176,-0.08047408,0.05047983,-0.02999425
cand_007044,50-59,0.5632585,0.6122048,0.614995,-0.0027902126,0.051736474,0.04894626
cand_007050,50-59,0.67519027,0.64994246,0.67873245,-0.028789997,0.0035421848,-0.025247812
cand_007056,60+,0.58130306,0.672827,0.6003166,0.07251042,0.019013524,0.091523945
cand_007069,<30,0.53703785,0.53982824,0.54965454,-0.0098263025,0.012616694,0.0027903914
cand_007072,40-49,0.5861641,0.6161485,0.58980095,0.026347518,0.003636837,0.029984355
cand_007073,40-49,0.5807675,0.6725694,0.63120884,0.041360557,0.050441325,0.09180188
cand_007097,60+,0.61236864,0.67526376,0.61463034,0.06063342,0.0022616982,0.06289512
cand_007100,50-59,0.7003476,0.676509,0.65256214,0.023946881,-0.04778546,-0.02383858
cand_007105,50-59,0.6933404,0.6953273,0.710024,-0.014696717,0.016683578,0.0019868612
cand_007114,40-49,0.55750453,0.5668745,0.55143666,0.015437841,-0.006067872,0.009369969
cand_007120,40-49,0.672765,0.69457304,0.7294086,-0.034835577,0.056643605,0.021808028
cand_007121,50-59,0.5804126,0.5944622,0.5770402,0.01742202,-0.0033724308,0.01404959
cand_007136,60+,0.66082513,0.63904023,0.6505556,-0.011515379,-0.010269523,-0.021784902
cand_007137,<30,0.497163,0.5610572,0.53181124,0.029245973,0.03464824,0.06389421
cand_007168,60+,0.6889937,0.67182994,0.6878085,-0.015978575,-0.0011851788,-0.017163754
cand_007186,30-39,0.5748473,0.5822897,0.56027716,0.022012532,-0.014570117,0.0074424148
cand_007188,<30,0.6180031,0.6583736,0.62473094,0.03364265,0.0067278743,0.040370524
cand_007212,<30,0.5767175,0.5834693,0.6528572,-0.06938791,0.07613969,0.0067517757
cand_007215,40-49,0.6412655,0.71224594,0.68658054,0.025665402,0.045315027,0.07098043
cand_007216,40-49,0.5225929,0.5815145,0.588791,-0.007276535,0.06619811,0.058921576
cand_007230,40-49,0.5385064,0.61206275,0.5610172,0.051045537,0.022510827,0.07355636
cand_007242,<30,0.6402348,0.6439912,0.6141686,0.029822588,-0.026066244,0.0037563443
cand_007245,30-39,0.5095494,0.54548824,0.55858195,-0.01309371,0.04903257,0.03593886
cand_007256,40-49,0.6100121,0.5896319,0.5979427,-0.008310795,-0.012069404,-0.020380199
cand_007257,30-39,0.5496737,0.5411169,0.59882927,-0.057712376,0.049155593,-0.008556783
cand_007259,<30,0.6403349,0.6284473,0.64568126,-0.017233968,0.005346358,-0.01188761
cand_007261,60+,0.6096271,0.62047875,0.65464485,-0.034166098,0.04501772,0.010851622
cand_007267,30-39,0.5890099,0.6861544,0.6501745,0.035979927,0.061164618,0.097144544
cand_007296,50-59,0.6770614,0.70287734,0.7211473,-0.018269956,0.04408592,0.025815964
cand_007326,50-59,0.59238714,0.631557,0.56456745,0.06698954,-0.027819693,0.039169848
cand_007342,<30,0.56217515,0.58368933,0.57351375,0.010175586,0.011338592,0.021514177
cand_007350,<30,0.5237844,0.47812465,0.54399884,-0.06587419,0.020214438,-0.04565975
cand_007352,30-39,0.5745389,0.6831778,0.6372098,0.045968056,0.06267089,0.10863894
cand_007384,60+,0.59279346,0.55927086,0.6052216,-0.04595077,0.0124281645,-0.033522606
cand_007398,40-49,0.57038856,0.5843774,0.61172336,-0.027345955,0.041334808,0.0139888525
cand_007400,30-39,0.64697766,0.67374396,0.601234,0.072509944,-0.045743644,0.0267663
cand_007404,30-39,0.5510586,0.5377029,0.60027605,-0.062573135,0.049217463,-0.013355672
cand_007407,40-49,0.53911036,0.6096796,0.61932135,-0.009641767,0.080210984,0.07056922
cand_007422,<30,0.5851381,0.59154534,0.58050543,0.011039913,-0.004632652,0.006407261
cand_007431,50-59,0.63500595,0.6398408,0.65262914,-0.012788355,0.017623186,0.0048348308
cand_007433,40-49,0.66286665,0.69820905,0.70120347,-0.0029944181,0.038336813,0.035342395
cand_007465,40-49,0.5833384,0.62838954,0.5957942,0.032595336,0.012455821,0.045051157
cand_007473,<30,0.5620916,0.6979662,0.5961417,0.10182452,0.034050107,0.13587463
cand_007492,40-49,0.5047357,0.6891741,0.68862987,0.00054425,0.18389416,0.1844384
cand_007511,60+,0.66816664,0.68029237,0.69500804,-0.014715672,0.026841402,0.0121257305
cand_007515,<30,0.55765194,0.5928679,0.6381403,-0.04527241,0.080488384,0.035215974
cand_007529,<30,0.57341695,0.5785221,0.6333082,-0.054786086,0.059891224,0.005105138
cand_007531,40-49,0.5697648,0.6465495,0.6190152,0.027534306,0.049250424,0.07678473
cand_007533,<30,0.46121806,0.5167699,0.5459396,-0.029169738,0.084721565,0.055551827
cand_007548,50-59,0.7072649,0.71178865,0.7062792,0.005509436,-0.000985682,0.004523754
cand_007553,40-49,0.56068957,0.66247237,0.6143936,0.048078775,0.053704023,0.1017828
cand_007557,50-59,0.77675664,0.7345394,0.75306296,-0.018523574,-0.02369368,-0.042217255
cand_007568,60+,0.6675799,0.57826185,0.6609178,-0.08265597,-0.0066620708,-0.08931804
cand_007586,50-59,0.71451116,0.64478457,0.6240866,0.020697951,-0.09042454,-0.06972659
cand_007589,30-39,0.6337348,0.63502634,0.67462647,-0.039600134,0.040891647,0.0012915134
cand_007590,<30,0.561689,0.61913097,0.6249219,-0.005790949,0.0632329,0.05744195
cand_007594,30-39,0.60171753,0.7288358,0.5986388,0.13019705,-0.0030787587,0.12711829
cand_007595,<30,0.5863918,0.6589608,0.58098257,0.07797825,-0.0054092407,0.07256901
cand_007599,40-49,0.57334626,0.67565536,0.6440196,0.03163576,0.07067335,0.10230911
cand_007612,30-39,0.5308602,0.6415261,0.5717481,0.069778025,0.040887892,0.11066592
cand_007630,30-39,0.5816035,0.67394906,0.66252023,0.011428833,0.0809167,0.092345536
cand_007638,30-39,0.5339312,0.55729187,0.59217834,-0.03488648,0.05824715,0.02336067
cand_007639,50-59,0.6031921,0.6172726,0.63438785,-0.017115235,0.03119576,0.014080524
cand_007645,60+,0.6108513,0.6183065,0.6769848,-0.05867827,0.0661335,0.0074552298
cand_007687,50-59,0.61277807,0.6024152,0.6151501,-0.01273489,0.0023720264,-0.010362864
cand_007695,30-39,0.52926546,0.60163295,0.6208051,-0.019172132,0.09153962,0.07236749
cand_007699,50-59,0.5755093,0.6744199,0.6877771,-0.013357222,0.11226779,0.09891057
cand_007703,40-49,0.5980588,0.60321426,0.5656228,0.037591457,-0.032436013,0.005155444
cand_007704,40-49,0.5870708,0.6161242,0.6665698,-0.050445616,0.079499006,0.02905339
cand_007705,50-59,0.57237804,0.66354865,0.71928245,-0.0557338,0.14690441,0.09117061
cand_007710,40-49,0.631546,0.70373386,0.7038555,-0.00012165308,0.072309494,0.07218784
cand_007711,60+,0.6693915,0.7057787,0.69743776,0.008340955,0.02804625,0.036387205
cand_007717,30-39,0.59808886,0.61863995,0.53088695,0.087753,-0.06720191,0.020551085
cand_007737,<30,0.5751507,0.5976239,0.5650648,0.032559097,-0.01008594,0.022473156
cand_007749,<30,0.61609316,0.6105757,0.59870446,0.011871219,-0.017388701,-0.0055174828
cand_007751,40-49,0.54963106,0.57695556,0.5829044,-0.0059488416,0.03327334,0.027324498
cand_007765,40-49,0.586598,0.65699035,0.64807385,0.008916497,0.061475873,0.07039237
cand_007767,60+,0.5845996,0.58783066,0.58126605,0.006564617,-0.0033335686,0.0032310486
cand_007768,30-39,0.6615109,0.6827277,0.7112448,-0.028517127,0.049733937,0.02121681
cand_007771,<30,0.51977825,0.49132913,0.5339881,-0.042658985,0.0142098665,-0.028449118
cand_007774,30-39,0.5536432,0.58782023,0.55172074,0.036099494,-0.0019224882,0.034177005
cand_007781,<30,0.61507475,0.61033404,0.61131823,-0.0009841919,-0.0037565231,-0.004740715
cand_007826,40-49,0.6392239,0.65734553,0.6152648,0.04208076,-0.0239591,0.01812166
cand_007847,40-49,0.58118194,0.693235,0.67467445,0.018560529,0.09349251,0.11205304
cand_007848,50-59,0.56339926,0.60745436,0.64510643,-0.037652075,0.08170718,0.044055104
cand_007852,30-39,0.60794127,0.6752918,0.66751754,0.007774234,0.059576273,0.06735051
cand_007881,60+,0.6100629,0.6369334,0.73350745,-0.09657407,0.12344456,0.02687049
cand_007888,50-59,0.69441015,0.72198033,0.7099215,0.012058854,0.015511334,0.027570188
cand_007895,30-39,0.61697257,0.59299254,0.5821229,0.010869622,-0.034849644,-0.023980021
cand_007901,<30,0.59465426,0.658012,0.6370003,0.02101165,0.04234606,0.06335771
cand_007906,40-49,0.6609002,0.6830094,0.6950165,-0.012007117,0.034116328,0.02210921
cand_007913,50-59,0.60027885,0.6900897,0.5750028,0.11508691,-0.025276065,0.08981085
cand_007917,<30,0.6006236,0.5992012,0.5991967,4.529953e-06,-0.0014269352,-0.0014224052
cand_007924,30-39,0.6300225,0.6200499,0.63305056,-0.013000667,0.0030280352,-0.009972632
cand_007926,<30,0.6169138,0.6271993,0.6100315,0.017167807,-0.00688231,0.010285497
cand_007931,40-49,0.5846458,0.641748,0.6544298,-0.012681782,0.069783986,0.057102203
cand_007936,30-39,0.59454656,0.6559414,0.63614637,0.01979506,0.04159981,0.06139487
cand_007955,40-49,0.44185084,0.6049072,0.5287793,0.07612789,0.08692849,0.16305637
cand_007965,30-39,0.5637996,0.49346346,0.5479212,-0.054457724,-0.015878439,-0.07033616
cand_007984,50-59,0.75344145,0.71254045,0.7094305,0.003109932,-0.044010937,-0.040901005
cand_007992,40-49,0.57320094,0.6708075,0.6414875,0.029320002,0.06828654,0.09760654
cand_007999,40-49,0.5331178,0.64108783,0.66353285,-0.022445023,0.13041508,0.10797006
cand_008002,30-39,0.59310675,0.6291299,0.666438,-0.037308097,0.07333124,0.03602314
cand_008011,<30,0.60437393,0.68260217,0.6184712,0.06413096,0.014097273,0.078228235
cand_008023,40-49,0.6630166,0.6749537,0.6533136,0.021640122,-0.00970304,0.011937082
cand_008061,40-49,0.62734187,0.64931417,0.67974603,-0.030431867,0.052404165,0.021972299
cand_008071,50-59,0.69870603,0.7040532,0.7091866,-0.0051333904,0.010480583,0.0053471923
cand_008075,60+,0.67104447,0.61765146,0.65098614,-0.033334672,-0.020058334,-0.053393006
cand_008077,60+,0.6564418,0.65817356,0.71861243,-0.06043887,0.062170625,0.0017317533
cand_008078,30-39,0.57298183,0.5518128,0.63324535,-0.08143252,0.060263515,-0.021169007
cand_008083,<30,0.6214868,0.56448054,0.5756625,-0.011181951,-0.04582429,-0.05700624
cand_008106,<30,0.54270613,0.5686116,0.53414464,0.034466982,-0.008561492,0.02590549
cand_008120,60+,0.6399911,0.6418723,0.6658858,-0.02401352,0.025894701,0.0018811822
cand_008122,<30,0.511929,0.5156475,0.5600139,-0.04436642,0.048084915,0.0037184954
cand_008141,40-49,0.5003104,0.55581725,0.64267486,-0.08685762,0.14236444,0.055506825
cand_008142,30-39,0.5701026,0.6064768,0.5832881,0.02318871,0.013185501,0.03637421
cand_008145,<30,0.45472282,0.48241788,0.49654067,-0.014122784,0.041817844,0.02769506
cand_008156,<30,0.57360446,0.5789445,0.6448922,-0.06594771,0.07128775,0.0053400397
cand_008157,30-39,0.6323231,0.5950945,0.5484605,0.04663402,-0.0838626,-0.037228584
cand_008183,50-59,0.69531417,0.6252064,0.6370009,-0.0117945075,-0.05831325,-0.07010776
cand_008188,40-49,0.6117091,0.6172693,0.6788929,-0.061623633,0.06718379,0.0055601597
cand_008191,30-39,0.5331358,0.5659286,0.56722414,-0.0012955666,0.034088373,0.032792807
cand_008196,30-39,0.581535,0.54461944,0.5740087,-0.029389262,-0.0075262785,-0.03691554
cand_008198,50-59,0.5371037,0.57867473,0.55190825,0.026766479,0.014804542,0.04157102
cand_008199,<30,0.626238,0.6095025,0.6435252,-0.03402269,0.017287195,-0.016735494
cand_008204,50-59,0.71497065,0.70145935,0.70551383,-0.0040544868,-0.009456813,-0.0135113
cand_008209,50-59,0.66792697,0.72489566,0.68649673,0.03839892,0.018569767,0.05696869
cand_008217,50-59,0.6461308,0.6177064,0.6520924,-0.03438598,0.005961597,-0.028424382
cand_008218,60+,0.6942729,0.5737754,0.6606142,-0.08683878,-0.033658683,-0.120497465
cand_008221,60+,0.68916076,0.71759486,0.70859796,0.008996904,0.019437194,0.028434098
cand_008230,<30,0.59891653,0.5926106,0.5731479,0.019462705,-0.025768638,-0.006305933
cand_008232,60+,0.6951235,0.58781075,0.61097884,-0.023168087,-0.08414465,-0.10731274
cand_008243,40-49,0.60381806,0.6097777,0.6170509,-0.007273197,0.013232827,0.00595963
cand_008257,50-59,0.63852215,0.6531415,0.6323389,0.020802617,-0.0061832666,0.01461935
cand_008270,<30,0.6217326,0.59131724,0.6831726,-0.09185535,0.06143999,-0.030415356
cand_008301,60+,0.6616962,0.6947135,0.71793,-0.023216546,0.056233823,0.033017278
cand_008308,60+,0.67503995,0.68802345,0.6920589,-0.004035473,0.017018974,0.012983501
cand_008314,50-59,0.61595887,0.6118622,0.656056,-0.044193804,0.040097117,-0.004096687
cand_008344,<30,0.6457294,0.57530487,0.6369755,-0.06167066,-0.008753896,-0.07042456
cand_008347,60+,0.6340171,0.5774461,0.65634966,-0.078903556,0.02233255,-0.056571007
cand_008363,50-59,0.5654846,0.53083456,0.603754,-0.07291943,0.0382694,-0.034650028
cand_008367,30-39,0.5959023,0.57423306,0.5698259,0.0044071674,-0.026076436,-0.021669269
cand_008375,30-39,0.63046,0.621671,0.5153043,0.106366694,-0.1151557,-0.008789003
cand_008379,40-49,0.61324376,0.6364895,0.60819274,0.028296769,-0.005051017,0.023245752
cand_008400,30-39,0.5923952,0.6196883,0.61804926,0.0016390085,0.025654078,0.027293086
cand_008403,50-59,0.721153,0.66729474,0.70335877,-0.03606403,-0.017794251,-0.05385828
cand_008410,50-59,0.61654174,0.67949414,0.6615914,0.017902732,0.045049667,0.0629524
cand_008430,40-49,0.5138392,0.5726435,0.53503245,0.037611067,0.021193266,0.058804333
cand_008433,30-39,0.5366565,0.5750238,0.61623067,-0.041206896,0.07957417,0.03836727
cand_008440,30-39,0.66311526,0.64982796,0.66156894,-0.0117409825,-0.0015463233,-0.013287306
cand_008466,30-39,0.5325111,0.6191813,0.6481129,-0.028931618,0.11560178,0.08667016
cand_008470,<30,0.6312071,0.61146235,0.6666168,-0.055154443,0.03540969,-0.019744754
cand_008472,60+,0.692284,0.7477503,0.6828203,0.06492996,-0.009463668,0.055466294
cand_008484,30-39,0.5720451,0.66209054,0.6700383,-0.007947743,0.097993195,0.09004545
cand_008494,<30,0.603626,0.6598698,0.6265327,0.033337116,0.022906661,0.056243777
cand_008508,30-39,0.5465231,0.55674523,0.5479108,0.008834422,0.0013877153,0.010222137
cand_008519,40-49,0.6068037,0.6149229,0.6312909,-0.016368032,0.024487197,0.008119166
cand_008520,40-49,0.5546721,0.5433953,0.5881418,-0.044746518,0.033469677,-0.011276841
cand_008524,60+,0.5927575,0.66135764,0.6197604,0.041597247,0.027002871,0.06860012
cand_008527,30-39,0.5715753,0.5692048,0.6180018,-0.04879701,0.046426535,-0.0023704767
cand_008536,<30,0.60557634,0.62333524,0.6046294,0.018705845,-0.000946939,0.017758906
cand_008544,50-59,0.68786097,0.7290006,0.7031979,0.025802732,0.015336931,0.041139662
cand_008545,40-49,0.65782154,0.63463044,0.6413336,-0.0067031384,-0.016487956,-0.023191094
cand_008555,60+,0.64503217,0.6861862,0.68945384,-0.0032676458,0.044421673,0.041154027
cand_008564,50-59,0.72206426,0.7044443,0.7723612,-0.06791693,0.050296962,-0.017619967
cand_008575,50-59,0.59674215,0.62643975,0.7443419,-0.11790216,0.14759976,0.029697597
cand_008595,<30,0.62162703,0.6411809,0.6186006,0.022580266,-0.0030264258,0.01955384
cand_008596,30-39,0.52366,0.53991127,0.48718417,0.052727103,-0.036475837,0.016251266
cand_008603,30-39,0.60093504,0.6080792,0.60709417,0.0009850264,0.0061591268,0.007144153
cand_008610,50-59,0.6852683,0.74615383,0.66488516,0.08126867,-0.02038312,0.06088555
cand_008620,<30,0.6228447,0.57792544,0.6611799,-0.08325446,0.038335204,-0.044919252
cand_008641,60+,0.51682365,0.5425181,0.54206526,0.0004528165,0.025241613,0.02569443
cand_008646,30-39,0.5354896,0.58572775,0.5349468,0.050780952,-0.0005428195,0.050238132
cand_008647,60+,0.65863204,0.6310146,0.5271188,0.10389578,-0.13151324,-0.027617455
cand_008668,40-49,0.6061863,0.5565802,0.5572264,-0.00064623356,-0.04895985,-0.049606085
cand_008687,30-39,0.60993683,0.59661615,0.61107254,-0.014456391,0.0011357069,-0.013320684
cand_008691,40-49,0.51945436,0.5704515,0.6231317,-0.052680194,0.10367733,0.050997138
cand_008715,<30,0.6209148,0.5493455,0.5426721,0.0066733956,-0.07824272,-0.07156932
cand_008721,60+,0.7094159,0.72195476,0.69894373,0.023011029,-0.010472178,0.01253885
cand_008724,60+,0.7392449,0.74389833,0.6479465,0.095951855,-0.0912984,0.004653454
cand_008739,<30,0.62837756,0.6302912,0.6393859,-0.0090946555,0.011008322,0.0019136667
cand_008749,40-49,0.7227006,0.65829706,0.72773194,-0.06943488,0.0050313473,-0.064403534
cand_008762,40-49,0.50734425,0.6115198,0.54147846,0.07004136,0.03413421,0.10417557
cand_008773,<30,0.69296336,0.57542264,0.6290521,-0.053629458,-0.06391126,-0.11754072
cand_008783,60+,0.7010803,0.68076277,0.71918106,-0.038418293,0.018100739,-0.020317554
cand_008788,<30,0.54220283,0.5521257,0.5905895,-0.03846383,0.048386693,0.009922862
cand_008798,<30,0.46970987,0.53426206,0.49239856,0.0418635,0.022688687,0.06455219
cand_008799,30-39,0.5886347,0.5210722,0.5678637,-0.046791494,-0.020771027,-0.06756252
cand_008821,30-39,0.6075953,0.58315635,0.645821,-0.06266463,0.03822565,-0.024438977
cand_008838,40-49,0.63635516,0.6213624,0.62180495,-0.0004425645,-0.014550209,-0.0149927735
cand_008870,30-39,0.6922894,0.6766523,0.7005813,-0.023929,0.0082919,-0.0156371
cand_008876,50-59,0.62329626,0.62332106,0.6641974,-0.04087633,0.040901124,2.4795532e-05
cand_008880,30-39,0.63230467,0.63274443,0.6558845,-0.023140073,0.023579836,0.00043976307
cand_008915,60+,0.57895505,0.58754957,0.57223094,0.015318632,-0.006724119,0.008594513
cand_008946,<30,0.6312346,0.52106196,0.65982175,-0.13875979,0.028587162,-0.11017263
cand_008949,40-49,0.7069725,0.7226511,0.7500581,-0.02740699,0.043085635,0.015678644
cand_008953,60+,0.6663747,0.679417,0.698936,-0.019518971,0.032561302,0.013042331
cand_009009,50-59,0.49283773,0.57124007,0.48773777,0.08350229,-0.005099952,0.07840234
cand_009012,60+,0.54448426,0.6030588,0.5882065,0.014852285,0.043722272,0.058574557
cand_009015,60+,0.71328926,0.66624355,0.696903,-0.030659437,-0.01638627,-0.047045708
cand_009036,<30,0.5456954,0.5811219,0.5398856,0.04123634,-0.0058098435,0.035426497
cand_009044,60+,0.69046056,0.725374,0.7280433,-0.0026693344,0.037582755,0.03491342
cand_009055,<30,0.587559,0.6055195,0.55869114,0.04682833,-0.02886784,0.017960489
cand_009058,30-39,0.67503595,0.626222,0.6765752,-0.05035317,0.0015392303,-0.04881394
cand_009075,40-49,0.61027867,0.6291088,0.71995294,-0.090844154,0.109674275,0.01883012
cand_009080,40-49,0.52230287,0.6072533,0.62500024,-0.017746925,0.10269737,0.08495045
cand_009103,30-39,0.47770512,0.48278227,0.49103597,-0.008253694,0.013330847,0.0050771534
cand_009114,<30,0.5933627,0.62674844,0.5779607,0.048787713,-0.015401959,0.033385754
cand_009121,<30,0.5777508,0.57241035,0.592785,-0.020374656,0.015034199,-0.005340457
cand_009123,50-59,0.57536197,0.66308904,0.69875133,-0.035662293,0.12338936,0.08772707
cand_009136,<30,0.57402754,0.5790509,0.5177734,0.06127751,-0.05625415,0.0050233603
cand_009150,30-39,0.4816834,0.5589632,0.5965892,-0.037626028,0.114905804,0.07727978
cand_009153,50-59,0.61308956,0.506653,0.55430984,-0.047656834,-0.058779716,-0.10643655
cand_009158,40-49,0.5948818,0.60773134,0.63004714,-0.0223158,0.03516537,0.012849569
cand_009166,60+,0.62158644,0.63658327,0.62879056,0.0077927113,0.0072041154,0.014996827
cand_009178,60+,0.5734091,0.64134824,0.65011036,-0.008762121,0.07670128,0.06793916
cand_009196,50-59,0.6077065,0.6326431,0.6348043,-0.0021612048,0.027097821,0.024936616
cand_009198,<30,0.5928702,0.6064482,0.6017394,0.004708767,0.008869231,0.013577998
cand_009205,60+,0.6154359,0.56231505,0.5665789,-0.004263878,-0.048856974,-0.05312085
cand_009209,<30,0.56562805,0.58944285,0.5280391,0.06140375,-0.037588954,0.023814797
cand_009210,40-49,0.6117464,0.5630741,0.6044564,-0.041382313,-0.007289946,-0.04867226
cand_009217,40-49,0.6057894,0.636129,0.62781024,0.008318782,0.022020817,0.030339599
cand_009244,30-39,0.5416554,0.47703663,0.53970563,-0.06266901,-0.0019497871,-0.064618796
cand_009249,<30,0.66206455,0.54217094,0.5314221,0.010748863,-0.13064247,-0.11989361
cand_009256,30-39,0.58243203,0.6052092,0.6411365,-0.035927355,0.058704495,0.02277714
cand_009264,60+,0.6493511,0.6421227,0.59962773,0.042494953,-0.049723387,-0.007228434
cand_009266,30-39,0.587113,0.6481688,0.64146096,0.006707847,0.054347932,0.06105578
cand_009269,40-49,0.55153584,0.63954014,0.5732844,0.06625575,0.021748543,0.08800429
cand_009288,50-59,0.7176095,0.7147869,0.73045325,-0.015666366,0.012843728,-0.0028226376
cand_009289,<30,0.6337862,0.5309663,0.61153406,-0.08056778,-0.022252142,-0.10281992
cand_009291,<30,0.6614871,0.64433825,0.64970803,-0.0053697824,-0.01177907,-0.017148852
cand_009295,40-49,0.62370324,0.6615878,0.71115625,-0.049568474,0.08745301,0.037884533
cand_009317,<30,0.5322803,0.5868781,0.54483175,0.042046368,0.012551427,0.054597795
cand_009330,<30,0.6219568,0.67644787,0.64413214,0.03231573,0.022175312,0.054491043
cand_009331,60+,0.67462456,0.6808057,0.71938944,-0.038583755,0.044764876,0.006181121
cand_009343,60+,0.6620004,0.65846366,0.6897213,-0.03125763,0.027720869,-0.0035367608
cand_009350,40-49,0.57503515,0.65154874,0.60967684,0.041871905,0.034641683,0.07651359
cand_009354,60+,0.55596584,0.55089146,0.5780089,-0.027117431,0.02204305,-0.005074382
cand_009392,<30,0.5548663,0.5307815,0.5427804,-0.011998892,-0.012085915,-0.024084806
cand_009400,60+,0.65916115,0.668876,0.6867183,-0.017842293,0.027557135,0.009714842
cand_009405,<30,0.6175734,0.60164756,0.6323824,-0.030734837,0.014809012,-0.015925825
cand_009411,30-39,0.6727065,0.6383048,0.67536986,-0.03706503,0.002663374,-0.034401655
cand_009415,30-39,0.5668632,0.5884795,0.5541456,0.034333944,-0.012717605,0.02161634
cand_009429,50-59,0.66487134,0.69560933,0.69085443,0.004754901,0.025983095,0.030737996
cand_009431,<30,0.5543279,0.5324493,0.48160154,0.05084777,-0.07272637,-0.0218786
cand_009445,30-39,0.6025611,0.59689534,0.6001992,-0.0033038855,-0.0023618937,-0.005665779
cand_009449,60+,0.714569,0.67852646,0.68363744,-0.005110979,-0.030931532,-0.03604251
cand_009476,40-49,0.58680135,0.56580377,0.6190164,-0.053212643,0.03221506,-0.020997584
cand_009483,30-39,0.6518364,0.6418123,0.6219714,0.019840896,-0.029864967,-0.010024071
cand_009485,30-39,0.6002617,0.6701499,0.61861336,0.05153656,0.018351674,0.069888234
cand_009495,40-49,0.57750034,0.6669327,0.621643,0.045289695,0.044142663,0.08943236
cand_009503,60+,0.6042254,0.61630166,0.660874,-0.044572353,0.056648612,0.012076259
cand_009512,50-59,0.69264364,0.7338308,0.6861334,0.047697425,-0.0065102577,0.041187167
cand_009522,50-59,0.4986357,0.5783471,0.6489955,-0.07064843,0.15035981,0.07971138
cand_009536,30-39,0.5383241,0.568406,0.582069,-0.013662994,0.043744862,0.030081868
cand_009557,<30,0.60527664,0.66377246,0.71298164,-0.049209177,0.107705,0.05849582
cand_009572,60+,0.6553881,0.6765373,0.6142563,0.062280953,-0.041131794,0.021149158
cand_009600,30-39,0.52536094,0.5877464,0.55339307,0.034353316,0.028032124,0.06238544
cand_009610,<30,0.63425255,0.58864516,0.5882699,0.00037527084,-0.04598266,-0.045607388
cand_009614,60+,0.6181538,0.63895524,0.7047762,-0.06582099,0.08662242,0.020801425
cand_009639,30-39,0.5868664,0.56085426,0.5192412,0.041613042,-0.067625165,-0.026012123
cand_009655,40-49,0.5838749,0.63383806,0.64346385,-0.0096257925,0.05958897,0.049963176
cand_009656,50-59,0.6470418,0.62331784,0.6742127,-0.050894856,0.027170897,-0.02372396
cand_009661,40-49,0.70295113,0.68880224,0.68151325,0.0072889924,-0.021437883,-0.014148891
cand_009663,<30,0.54978395,0.582259,0.5541538,0.0281052,0.004369855,0.032475054
cand_009673,60+,0.6817423,0.6968616,0.6722345,0.02462715,-0.009507835,0.015119314
cand_009681,50-59,0.51630294,0.50795186,0.51770484,-0.009752989,0.0014019012,-0.008351088
cand_009688,50-59,0.6278104,0.608668,0.6484617,-0.03979367,0.02065128,-0.01914239
cand_009690,40-49,0.695608,0.6553011,0.7014364,-0.046135306,0.0058283806,-0.040306926
cand_009696,60+,0.6743461,0.65038216,0.6838231,-0.033440948,0.009477019,-0.023963928
cand_009697,60+,0.66798866,0.65603673,0.67798877,-0.021952033,0.01000011,-0.011951923
cand_009725,<30,0.5892967,0.64475715,0.5946857,0.050071478,0.005388975,0.055460453
cand_009727,50-59,0.69107676,0.7345592,0.6917475,0.04281169,0.00067073107,0.043482423
cand_009744,<30,0.6649678,0.6366328,0.6089328,0.027700007,-0.056034982,-0.028334975
cand_009746,<30,0.50056916,0.53189814,0.5534709,-0.021572769,0.052901745,0.031328976
cand_009759,40-49,0.678681,0.6645052,0.6570797,0.007425487,-0.02160132,-0.014175832
cand_009768,30-39,0.5690866,0.53019285,0.5904423,-0.060249448,0.021355689,-0.03889376
cand_009774,50-59,0.5519347,0.6153787,0.58291924,0.032459438,0.03098452,0.06344396
cand_009792,60+,0.59681976,0.57914436,0.61929244,-0.04014808,0.02247268,-0.0176754
cand_009794,60+,0.4815635,0.52326745,0.5373526,-0.014085174,0.055789113,0.04170394
cand_009801,30-39,0.52541405,0.586637,0.46573383,0.120903194,-0.059680223,0.06122297
cand_009808,30-39,0.5680432,0.5753271,0.61310625,-0.037779152,0.04506308,0.007283926
cand_009810,50-59,0.6453323,0.67721844,0.6317401,0.045478344,-0.013592184,0.03188616
cand_009819,60+,0.5906476,0.64001554,0.66605073,-0.02603519,0.075403154,0.049367964
cand_009844,40-49,0.6538497,0.6313529,0.65881944,-0.027466536,0.004969716,-0.02249682
cand_009854,50-59,0.6428267,0.679551,0.6211076,0.058443427,-0.021719098,0.03672433
cand_009858,40-49,0.5604888,0.5207802,0.5608232,-0.040042996,0.00033438206,-0.039708614
cand_009871,40-49,0.59666586,0.63697815,0.62252736,0.0144507885,0.025861502,0.04031229
cand_009881,50-59,0.6245933,0.62046427,0.6100308,0.010433495,-0.014562547,-0.004129052
cand_009900,30-39,0.6564814,0.5801126,0.68185,-0.10173744,0.02536863,-0.07636881
cand_009901,<30,0.65428674,0.64242166,0.6065655,0.035856187,-0.047721267,-0.011865079
cand_009902,<30,0.59553224,0.6042783,0.5772307,0.027047634,-0.018301547,0.008746088
cand_009926,<30,0.6422491,0.623979,0.6178831,0.006095886,-0.024366021,-0.018270135
cand_009930,60+,0.7236398,0.7459516,0.6976137,0.048337877,-0.02602607,0.022311807
cand_009933,50-59,0.5461837,0.5356295,0.58701265,-0.051383138,0.040828943,-0.010554194
cand_009940,50-59,0.5109823,0.61307836,0.5780885,0.034989834,0.06710625,0.10209608
cand_009955,40-49,0.6436869,0.7025847,0.6976223,0.0049623847,0.05393541,0.058897793
cand_009970,30-39,0.6219508,0.6169035,0.6449158,-0.028012335,0.022965014,-0.0050473213
cand_009996,30-39,0.56450915,0.53188336,0.5544889,-0.022605538,-0.010020256,-0.032625794
